"Named_Boxarts","32 in 1 (Australia)","https://raw.githubusercontent.com/libretro-thumbnails/Atari_-_7800/refs/heads/master/Named_Boxarts/32 in 1 (Australia).png"
"Named_Boxarts","Ace of Aces (Europe)","https://raw.githubusercontent.com/libretro-thumbnails/Atari_-_7800/refs/heads/master/Named_Boxarts/Ace of Aces (Europe).png"
"Named_Boxarts","Ace of Aces (USA)","https://raw.githubusercontent.com/libretro-thumbnails/Atari_-_7800/refs/heads/master/Named_Boxarts/Ace of Aces (USA).png"
"Named_Boxarts","Alien Brigade (Europe)","https://raw.githubusercontent.com/libretro-thumbnails/Atari_-_7800/refs/heads/master/Named_Boxarts/Alien Brigade (Europe).png"
"Named_Boxarts","Alien Brigade (USA)","https://raw.githubusercontent.com/libretro-thumbnails/Atari_-_7800/refs/heads/master/Named_Boxarts/Alien Brigade (USA).png"
"Named_Boxarts","Asteroids (USA) (Beta)","https://raw.githubusercontent.com/libretro-thumbnails/Atari_-_7800/refs/heads/master/Named_Boxarts/Asteroids (USA) (Beta).png"
"Named_Boxarts","Asteroids (USA)","https://raw.githubusercontent.com/libretro-thumbnails/Atari_-_7800/refs/heads/master/Named_Boxarts/Asteroids (USA).png"
"Named_Boxarts","Ballblazer (Europe)","https://raw.githubusercontent.com/libretro-thumbnails/Atari_-_7800/refs/heads/master/Named_Boxarts/Ballblazer (Europe).png"
"Named_Boxarts","Ballblazer (USA)","https://raw.githubusercontent.com/libretro-thumbnails/Atari_-_7800/refs/heads/master/Named_Boxarts/Ballblazer (USA).png"
"Named_Boxarts","Barnyard Blaster (Europe)","https://raw.githubusercontent.com/libretro-thumbnails/Atari_-_7800/refs/heads/master/Named_Boxarts/Barnyard Blaster (Europe).png"
"Named_Boxarts","Barnyard Blaster (USA)","https://raw.githubusercontent.com/libretro-thumbnails/Atari_-_7800/refs/heads/master/Named_Boxarts/Barnyard Blaster (USA).png"
"Named_Boxarts","Baseball (Europe)","https://raw.githubusercontent.com/libretro-thumbnails/Atari_-_7800/refs/heads/master/Named_Boxarts/Baseball (Europe).png"
"Named_Boxarts","Basketbrawl (Europe)","https://raw.githubusercontent.com/libretro-thumbnails/Atari_-_7800/refs/heads/master/Named_Boxarts/Basketbrawl (Europe).png"
"Named_Boxarts","Basketbrawl (USA)","https://raw.githubusercontent.com/libretro-thumbnails/Atari_-_7800/refs/heads/master/Named_Boxarts/Basketbrawl (USA).png"
"Named_Boxarts","Centipede (Europe)","https://raw.githubusercontent.com/libretro-thumbnails/Atari_-_7800/refs/heads/master/Named_Boxarts/Centipede (Europe).png"
"Named_Boxarts","Centipede (USA)","https://raw.githubusercontent.com/libretro-thumbnails/Atari_-_7800/refs/heads/master/Named_Boxarts/Centipede (USA).png"
"Named_Boxarts","Choplifter! (Europe)","https://raw.githubusercontent.com/libretro-thumbnails/Atari_-_7800/refs/heads/master/Named_Boxarts/Choplifter! (Europe).png"
"Named_Boxarts","Choplifter! (USA)","https://raw.githubusercontent.com/libretro-thumbnails/Atari_-_7800/refs/heads/master/Named_Boxarts/Choplifter! (USA).png"
"Named_Boxarts","Commando (Europe)","https://raw.githubusercontent.com/libretro-thumbnails/Atari_-_7800/refs/heads/master/Named_Boxarts/Commando (Europe).png"
"Named_Boxarts","Commando (USA)","https://raw.githubusercontent.com/libretro-thumbnails/Atari_-_7800/refs/heads/master/Named_Boxarts/Commando (USA).png"
"Named_Boxarts","Crack'ed (Europe)","https://raw.githubusercontent.com/libretro-thumbnails/Atari_-_7800/refs/heads/master/Named_Boxarts/Crack'ed (Europe).png"
"Named_Boxarts","Crack'ed (USA)","https://raw.githubusercontent.com/libretro-thumbnails/Atari_-_7800/refs/heads/master/Named_Boxarts/Crack'ed (USA).png"
"Named_Boxarts","Crossbow (Europe)","https://raw.githubusercontent.com/libretro-thumbnails/Atari_-_7800/refs/heads/master/Named_Boxarts/Crossbow (Europe).png"
"Named_Boxarts","Crossbow (USA)","https://raw.githubusercontent.com/libretro-thumbnails/Atari_-_7800/refs/heads/master/Named_Boxarts/Crossbow (USA).png"
"Named_Boxarts","Dark Chambers (Europe)","https://raw.githubusercontent.com/libretro-thumbnails/Atari_-_7800/refs/heads/master/Named_Boxarts/Dark Chambers (Europe).png"
"Named_Boxarts","Dark Chambers (USA)","https://raw.githubusercontent.com/libretro-thumbnails/Atari_-_7800/refs/heads/master/Named_Boxarts/Dark Chambers (USA).png"
"Named_Boxarts","Desert Falcon (Europe)","https://raw.githubusercontent.com/libretro-thumbnails/Atari_-_7800/refs/heads/master/Named_Boxarts/Desert Falcon (Europe).png"
"Named_Boxarts","Desert Falcon (USA)","https://raw.githubusercontent.com/libretro-thumbnails/Atari_-_7800/refs/heads/master/Named_Boxarts/Desert Falcon (USA).png"
"Named_Boxarts","Diagnostic Test Cartrige (USA)","https://raw.githubusercontent.com/libretro-thumbnails/Atari_-_7800/refs/heads/master/Named_Boxarts/Diagnostic Test Cartrige (USA).png"
"Named_Boxarts","Dig Dug (Europe)","https://raw.githubusercontent.com/libretro-thumbnails/Atari_-_7800/refs/heads/master/Named_Boxarts/Dig Dug (Europe).png"
"Named_Boxarts","Dig Dug (USA)","https://raw.githubusercontent.com/libretro-thumbnails/Atari_-_7800/refs/heads/master/Named_Boxarts/Dig Dug (USA).png"
"Named_Boxarts","Donkey Kong (Europe)","https://raw.githubusercontent.com/libretro-thumbnails/Atari_-_7800/refs/heads/master/Named_Boxarts/Donkey Kong (Europe).png"
"Named_Boxarts","Donkey Kong (USA)","https://raw.githubusercontent.com/libretro-thumbnails/Atari_-_7800/refs/heads/master/Named_Boxarts/Donkey Kong (USA).png"
"Named_Boxarts","Donkey Kong Junior (Europe)","https://raw.githubusercontent.com/libretro-thumbnails/Atari_-_7800/refs/heads/master/Named_Boxarts/Donkey Kong Junior (Europe).png"
"Named_Boxarts","Donkey Kong Junior (USA)","https://raw.githubusercontent.com/libretro-thumbnails/Atari_-_7800/refs/heads/master/Named_Boxarts/Donkey Kong Junior (USA).png"
"Named_Boxarts","Double Dragon (Europe)","https://raw.githubusercontent.com/libretro-thumbnails/Atari_-_7800/refs/heads/master/Named_Boxarts/Double Dragon (Europe).png"
"Named_Boxarts","Double Dragon (USA)","https://raw.githubusercontent.com/libretro-thumbnails/Atari_-_7800/refs/heads/master/Named_Boxarts/Double Dragon (USA).png"
"Named_Boxarts","F-18 Hornet (Europe)","https://raw.githubusercontent.com/libretro-thumbnails/Atari_-_7800/refs/heads/master/Named_Boxarts/F-18 Hornet (Europe).png"
"Named_Boxarts","F-18 Hornet (USA)","https://raw.githubusercontent.com/libretro-thumbnails/Atari_-_7800/refs/heads/master/Named_Boxarts/F-18 Hornet (USA).png"
"Named_Boxarts","Fatal Run (Europe)","https://raw.githubusercontent.com/libretro-thumbnails/Atari_-_7800/refs/heads/master/Named_Boxarts/Fatal Run (Europe).png"
"Named_Boxarts","Fatal Run (USA)","https://raw.githubusercontent.com/libretro-thumbnails/Atari_-_7800/refs/heads/master/Named_Boxarts/Fatal Run (USA).png"
"Named_Boxarts","Fight Night (Europe)","https://raw.githubusercontent.com/libretro-thumbnails/Atari_-_7800/refs/heads/master/Named_Boxarts/Fight Night (Europe).png"
"Named_Boxarts","Fight Night (USA)","https://raw.githubusercontent.com/libretro-thumbnails/Atari_-_7800/refs/heads/master/Named_Boxarts/Fight Night (USA).png"
"Named_Boxarts","Food Fight (Europe)","https://raw.githubusercontent.com/libretro-thumbnails/Atari_-_7800/refs/heads/master/Named_Boxarts/Food Fight (Europe).png"
"Named_Boxarts","Food Fight (USA) (Beta)","https://raw.githubusercontent.com/libretro-thumbnails/Atari_-_7800/refs/heads/master/Named_Boxarts/Food Fight (USA) (Beta).png"
"Named_Boxarts","Food Fight (USA)","https://raw.githubusercontent.com/libretro-thumbnails/Atari_-_7800/refs/heads/master/Named_Boxarts/Food Fight (USA).png"
"Named_Boxarts","GATO (USA) (Proto)","https://raw.githubusercontent.com/libretro-thumbnails/Atari_-_7800/refs/heads/master/Named_Boxarts/GATO (USA) (Proto).png"
"Named_Boxarts","Galaga (Europe)","https://raw.githubusercontent.com/libretro-thumbnails/Atari_-_7800/refs/heads/master/Named_Boxarts/Galaga (Europe).png"
"Named_Boxarts","Galaga (USA)","https://raw.githubusercontent.com/libretro-thumbnails/Atari_-_7800/refs/heads/master/Named_Boxarts/Galaga (USA).png"
"Named_Boxarts","Hat Trick (Europe)","https://raw.githubusercontent.com/libretro-thumbnails/Atari_-_7800/refs/heads/master/Named_Boxarts/Hat Trick (Europe).png"
"Named_Boxarts","Hat Trick (USA)","https://raw.githubusercontent.com/libretro-thumbnails/Atari_-_7800/refs/heads/master/Named_Boxarts/Hat Trick (USA).png"
"Named_Boxarts","Ikari Warriors (Europe)","https://raw.githubusercontent.com/libretro-thumbnails/Atari_-_7800/refs/heads/master/Named_Boxarts/Ikari Warriors (Europe).png"
"Named_Boxarts","Ikari Warriors (USA)","https://raw.githubusercontent.com/libretro-thumbnails/Atari_-_7800/refs/heads/master/Named_Boxarts/Ikari Warriors (USA).png"
"Named_Boxarts","Impossible Mission (Europe)","https://raw.githubusercontent.com/libretro-thumbnails/Atari_-_7800/refs/heads/master/Named_Boxarts/Impossible Mission (Europe).png"
"Named_Boxarts","Impossible Mission (USA)","https://raw.githubusercontent.com/libretro-thumbnails/Atari_-_7800/refs/heads/master/Named_Boxarts/Impossible Mission (USA).png"
"Named_Boxarts","Jinks (Europe)","https://raw.githubusercontent.com/libretro-thumbnails/Atari_-_7800/refs/heads/master/Named_Boxarts/Jinks (Europe).png"
"Named_Boxarts","Jinks (USA)","https://raw.githubusercontent.com/libretro-thumbnails/Atari_-_7800/refs/heads/master/Named_Boxarts/Jinks (USA).png"
"Named_Boxarts","Joust (Europe)","https://raw.githubusercontent.com/libretro-thumbnails/Atari_-_7800/refs/heads/master/Named_Boxarts/Joust (Europe).png"
"Named_Boxarts","Joust (USA)","https://raw.githubusercontent.com/libretro-thumbnails/Atari_-_7800/refs/heads/master/Named_Boxarts/Joust (USA).png"
"Named_Boxarts","Karateka (Europe)","https://raw.githubusercontent.com/libretro-thumbnails/Atari_-_7800/refs/heads/master/Named_Boxarts/Karateka (Europe).png"
"Named_Boxarts","Karateka (USA)","https://raw.githubusercontent.com/libretro-thumbnails/Atari_-_7800/refs/heads/master/Named_Boxarts/Karateka (USA).png"
"Named_Boxarts","Klax (USA) (Proto)","https://raw.githubusercontent.com/libretro-thumbnails/Atari_-_7800/refs/heads/master/Named_Boxarts/Klax (USA) (Proto).png"
"Named_Boxarts","Kung-Fu Master (Europe)","https://raw.githubusercontent.com/libretro-thumbnails/Atari_-_7800/refs/heads/master/Named_Boxarts/Kung-Fu Master (Europe).png"
"Named_Boxarts","Kung-Fu Master (USA)","https://raw.githubusercontent.com/libretro-thumbnails/Atari_-_7800/refs/heads/master/Named_Boxarts/Kung-Fu Master (USA).png"
"Named_Boxarts","Mario Bros. (Europe)","https://raw.githubusercontent.com/libretro-thumbnails/Atari_-_7800/refs/heads/master/Named_Boxarts/Mario Bros. (Europe).png"
"Named_Boxarts","Mario Bros. (USA)","https://raw.githubusercontent.com/libretro-thumbnails/Atari_-_7800/refs/heads/master/Named_Boxarts/Mario Bros. (USA).png"
"Named_Boxarts","Mat Mania Challenge (Europe)","https://raw.githubusercontent.com/libretro-thumbnails/Atari_-_7800/refs/heads/master/Named_Boxarts/Mat Mania Challenge (Europe).png"
"Named_Boxarts","Mat Mania Challenge (USA)","https://raw.githubusercontent.com/libretro-thumbnails/Atari_-_7800/refs/heads/master/Named_Boxarts/Mat Mania Challenge (USA).png"
"Named_Boxarts","Mean 18 Ultimate Golf (Europe)","https://raw.githubusercontent.com/libretro-thumbnails/Atari_-_7800/refs/heads/master/Named_Boxarts/Mean 18 Ultimate Golf (Europe).png"
"Named_Boxarts","Mean 18 Ultimate Golf (USA)","https://raw.githubusercontent.com/libretro-thumbnails/Atari_-_7800/refs/heads/master/Named_Boxarts/Mean 18 Ultimate Golf (USA).png"
"Named_Boxarts","Meltdown (Europe)","https://raw.githubusercontent.com/libretro-thumbnails/Atari_-_7800/refs/heads/master/Named_Boxarts/Meltdown (Europe).png"
"Named_Boxarts","Meltdown (USA)","https://raw.githubusercontent.com/libretro-thumbnails/Atari_-_7800/refs/heads/master/Named_Boxarts/Meltdown (USA).png"
"Named_Boxarts","Midnight Mutants (Europe)","https://raw.githubusercontent.com/libretro-thumbnails/Atari_-_7800/refs/heads/master/Named_Boxarts/Midnight Mutants (Europe).png"
"Named_Boxarts","Midnight Mutants (USA)","https://raw.githubusercontent.com/libretro-thumbnails/Atari_-_7800/refs/heads/master/Named_Boxarts/Midnight Mutants (USA).png"
"Named_Boxarts","Missing In Action (USA) (Proto)","https://raw.githubusercontent.com/libretro-thumbnails/Atari_-_7800/refs/heads/master/Named_Boxarts/Missing In Action (USA) (Proto).png"
"Named_Boxarts","Motor Psycho (Europe)","https://raw.githubusercontent.com/libretro-thumbnails/Atari_-_7800/refs/heads/master/Named_Boxarts/Motor Psycho (Europe).png"
"Named_Boxarts","Motor Psycho (USA)","https://raw.githubusercontent.com/libretro-thumbnails/Atari_-_7800/refs/heads/master/Named_Boxarts/Motor Psycho (USA).png"
"Named_Boxarts","Ms. Pac-Man (Europe)","https://raw.githubusercontent.com/libretro-thumbnails/Atari_-_7800/refs/heads/master/Named_Boxarts/Ms. Pac-Man (Europe).png"
"Named_Boxarts","Ms. Pac-Man (USA)","https://raw.githubusercontent.com/libretro-thumbnails/Atari_-_7800/refs/heads/master/Named_Boxarts/Ms. Pac-Man (USA).png"
"Named_Boxarts","Ninja Golf (Europe)","https://raw.githubusercontent.com/libretro-thumbnails/Atari_-_7800/refs/heads/master/Named_Boxarts/Ninja Golf (Europe).png"
"Named_Boxarts","Ninja Golf (USA)","https://raw.githubusercontent.com/libretro-thumbnails/Atari_-_7800/refs/heads/master/Named_Boxarts/Ninja Golf (USA).png"
"Named_Boxarts","One-on-One Basketball (Europe)","https://raw.githubusercontent.com/libretro-thumbnails/Atari_-_7800/refs/heads/master/Named_Boxarts/One-on-One Basketball (Europe).png"
"Named_Boxarts","One-on-One Basketball (USA)","https://raw.githubusercontent.com/libretro-thumbnails/Atari_-_7800/refs/heads/master/Named_Boxarts/One-on-One Basketball (USA).png"
"Named_Boxarts","Pete Rose Baseball (USA)","https://raw.githubusercontent.com/libretro-thumbnails/Atari_-_7800/refs/heads/master/Named_Boxarts/Pete Rose Baseball (USA).png"
"Named_Boxarts","Pit Fighter (USA) (Proto)","https://raw.githubusercontent.com/libretro-thumbnails/Atari_-_7800/refs/heads/master/Named_Boxarts/Pit Fighter (USA) (Proto).png"
"Named_Boxarts","Planet Smashers (Europe)","https://raw.githubusercontent.com/libretro-thumbnails/Atari_-_7800/refs/heads/master/Named_Boxarts/Planet Smashers (Europe).png"
"Named_Boxarts","Planet Smashers (USA)","https://raw.githubusercontent.com/libretro-thumbnails/Atari_-_7800/refs/heads/master/Named_Boxarts/Planet Smashers (USA).png"
"Named_Boxarts","Plutos (USA) (Proto)","https://raw.githubusercontent.com/libretro-thumbnails/Atari_-_7800/refs/heads/master/Named_Boxarts/Plutos (USA) (Proto).png"
"Named_Boxarts","Pole Position II (Europe)","https://raw.githubusercontent.com/libretro-thumbnails/Atari_-_7800/refs/heads/master/Named_Boxarts/Pole Position II (Europe).png"
"Named_Boxarts","Pole Position II (USA) (Beta)","https://raw.githubusercontent.com/libretro-thumbnails/Atari_-_7800/refs/heads/master/Named_Boxarts/Pole Position II (USA) (Beta).png"
"Named_Boxarts","Pole Position II (USA)","https://raw.githubusercontent.com/libretro-thumbnails/Atari_-_7800/refs/heads/master/Named_Boxarts/Pole Position II (USA).png"
"Named_Boxarts","Rampage (USA)","https://raw.githubusercontent.com/libretro-thumbnails/Atari_-_7800/refs/heads/master/Named_Boxarts/Rampage (USA).png"
"Named_Boxarts","Rampart (USA) (Proto)","https://raw.githubusercontent.com/libretro-thumbnails/Atari_-_7800/refs/heads/master/Named_Boxarts/Rampart (USA) (Proto).png"
"Named_Boxarts","RealSports Baseball (USA)","https://raw.githubusercontent.com/libretro-thumbnails/Atari_-_7800/refs/heads/master/Named_Boxarts/RealSports Baseball (USA).png"
"Named_Boxarts","Rescue on Fractalus (USA) (Proto)","https://raw.githubusercontent.com/libretro-thumbnails/Atari_-_7800/refs/heads/master/Named_Boxarts/Rescue on Fractalus (USA) (Proto).png"
"Named_Boxarts","Rikki _ Vikki (World) (Aftermarket) (Unl)","https://raw.githubusercontent.com/libretro-thumbnails/Atari_-_7800/refs/heads/master/Named_Boxarts/Rikki _ Vikki (World) (Aftermarket) (Unl).png"
"Named_Boxarts","Robotron - 2084 (USA)","https://raw.githubusercontent.com/libretro-thumbnails/Atari_-_7800/refs/heads/master/Named_Boxarts/Robotron - 2084 (USA).png"
"Named_Boxarts","Scrapyard Dog (Europe)","https://raw.githubusercontent.com/libretro-thumbnails/Atari_-_7800/refs/heads/master/Named_Boxarts/Scrapyard Dog (Europe).png"
"Named_Boxarts","Scrapyard Dog (USA)","https://raw.githubusercontent.com/libretro-thumbnails/Atari_-_7800/refs/heads/master/Named_Boxarts/Scrapyard Dog (USA).png"
"Named_Boxarts","Sentinel (Europe)","https://raw.githubusercontent.com/libretro-thumbnails/Atari_-_7800/refs/heads/master/Named_Boxarts/Sentinel (Europe).png"
"Named_Boxarts","Sentinel (USA) (Proto)","https://raw.githubusercontent.com/libretro-thumbnails/Atari_-_7800/refs/heads/master/Named_Boxarts/Sentinel (USA) (Proto).png"
"Named_Boxarts","Sirius (USA) (Proto)","https://raw.githubusercontent.com/libretro-thumbnails/Atari_-_7800/refs/heads/master/Named_Boxarts/Sirius (USA) (Proto).png"
"Named_Boxarts","Summer Games (USA)","https://raw.githubusercontent.com/libretro-thumbnails/Atari_-_7800/refs/heads/master/Named_Boxarts/Summer Games (USA).png"
"Named_Boxarts","Super Huey UH-IX (Europe)","https://raw.githubusercontent.com/libretro-thumbnails/Atari_-_7800/refs/heads/master/Named_Boxarts/Super Huey UH-IX (Europe).png"
"Named_Boxarts","Super Huey UH-IX (USA)","https://raw.githubusercontent.com/libretro-thumbnails/Atari_-_7800/refs/heads/master/Named_Boxarts/Super Huey UH-IX (USA).png"
"Named_Boxarts","Super Skateboardin' (Europe)","https://raw.githubusercontent.com/libretro-thumbnails/Atari_-_7800/refs/heads/master/Named_Boxarts/Super Skateboardin' (Europe).png"
"Named_Boxarts","Super Skateboardin' (USA)","https://raw.githubusercontent.com/libretro-thumbnails/Atari_-_7800/refs/heads/master/Named_Boxarts/Super Skateboardin' (USA).png"
"Named_Boxarts","Tank Command (USA)","https://raw.githubusercontent.com/libretro-thumbnails/Atari_-_7800/refs/heads/master/Named_Boxarts/Tank Command (USA).png"
"Named_Boxarts","Title Match Pro Wrestling (Europe)","https://raw.githubusercontent.com/libretro-thumbnails/Atari_-_7800/refs/heads/master/Named_Boxarts/Title Match Pro Wrestling (Europe).png"
"Named_Boxarts","Title Match Pro Wrestling (USA)","https://raw.githubusercontent.com/libretro-thumbnails/Atari_-_7800/refs/heads/master/Named_Boxarts/Title Match Pro Wrestling (USA).png"
"Named_Boxarts","Tomcat - The F-14 Fighter Simulator (Europe)","https://raw.githubusercontent.com/libretro-thumbnails/Atari_-_7800/refs/heads/master/Named_Boxarts/Tomcat - The F-14 Fighter Simulator (Europe).png"
"Named_Boxarts","Tomcat - The F-14 Fighter Simulator (USA)","https://raw.githubusercontent.com/libretro-thumbnails/Atari_-_7800/refs/heads/master/Named_Boxarts/Tomcat - The F-14 Fighter Simulator (USA).png"
"Named_Boxarts","Touchdown Football (USA)","https://raw.githubusercontent.com/libretro-thumbnails/Atari_-_7800/refs/heads/master/Named_Boxarts/Touchdown Football (USA).png"
"Named_Boxarts","Tower Toppler (Europe)","https://raw.githubusercontent.com/libretro-thumbnails/Atari_-_7800/refs/heads/master/Named_Boxarts/Tower Toppler (Europe).png"
"Named_Boxarts","Tower Toppler (USA)","https://raw.githubusercontent.com/libretro-thumbnails/Atari_-_7800/refs/heads/master/Named_Boxarts/Tower Toppler (USA).png"
"Named_Boxarts","Water Ski (USA)","https://raw.githubusercontent.com/libretro-thumbnails/Atari_-_7800/refs/heads/master/Named_Boxarts/Water Ski (USA).png"
"Named_Boxarts","Winter Games (USA)","https://raw.githubusercontent.com/libretro-thumbnails/Atari_-_7800/refs/heads/master/Named_Boxarts/Winter Games (USA).png"
"Named_Boxarts","Xenophobe (Europe)","https://raw.githubusercontent.com/libretro-thumbnails/Atari_-_7800/refs/heads/master/Named_Boxarts/Xenophobe (Europe).png"
"Named_Boxarts","Xenophobe (USA)","https://raw.githubusercontent.com/libretro-thumbnails/Atari_-_7800/refs/heads/master/Named_Boxarts/Xenophobe (USA).png"
"Named_Boxarts","Xevious (Europe)","https://raw.githubusercontent.com/libretro-thumbnails/Atari_-_7800/refs/heads/master/Named_Boxarts/Xevious (Europe).png"
"Named_Boxarts","Xevious (USA) (Beta)","https://raw.githubusercontent.com/libretro-thumbnails/Atari_-_7800/refs/heads/master/Named_Boxarts/Xevious (USA) (Beta).png"
"Named_Boxarts","Xevious (USA)","https://raw.githubusercontent.com/libretro-thumbnails/Atari_-_7800/refs/heads/master/Named_Boxarts/Xevious (USA).png"
"Named_Logos","._F-18 Hornet (Europe)","https://raw.githubusercontent.com/libretro-thumbnails/Atari_-_7800/refs/heads/master/Named_Logos/._F-18 Hornet (Europe).png"
"Named_Logos","._Ikari Warriors (Europe)","https://raw.githubusercontent.com/libretro-thumbnails/Atari_-_7800/refs/heads/master/Named_Logos/._Ikari Warriors (Europe).png"
"Named_Logos","._Joust (Europe)","https://raw.githubusercontent.com/libretro-thumbnails/Atari_-_7800/refs/heads/master/Named_Logos/._Joust (Europe).png"
"Named_Logos","32 in 1 (Australia)","https://raw.githubusercontent.com/libretro-thumbnails/Atari_-_7800/refs/heads/master/Named_Logos/32 in 1 (Australia).png"
"Named_Logos","Ace of Aces (Europe)","https://raw.githubusercontent.com/libretro-thumbnails/Atari_-_7800/refs/heads/master/Named_Logos/Ace of Aces (Europe).png"
"Named_Logos","Ace of Aces (USA)","https://raw.githubusercontent.com/libretro-thumbnails/Atari_-_7800/refs/heads/master/Named_Logos/Ace of Aces (USA).png"
"Named_Logos","Alien Brigade (Europe)","https://raw.githubusercontent.com/libretro-thumbnails/Atari_-_7800/refs/heads/master/Named_Logos/Alien Brigade (Europe).png"
"Named_Logos","Alien Brigade (USA)","https://raw.githubusercontent.com/libretro-thumbnails/Atari_-_7800/refs/heads/master/Named_Logos/Alien Brigade (USA).png"
"Named_Logos","Barnyard Blaster (Europe)","https://raw.githubusercontent.com/libretro-thumbnails/Atari_-_7800/refs/heads/master/Named_Logos/Barnyard Blaster (Europe).png"
"Named_Logos","Barnyard Blaster (USA)","https://raw.githubusercontent.com/libretro-thumbnails/Atari_-_7800/refs/heads/master/Named_Logos/Barnyard Blaster (USA).png"
"Named_Logos","Baseball (Europe)","https://raw.githubusercontent.com/libretro-thumbnails/Atari_-_7800/refs/heads/master/Named_Logos/Baseball (Europe).png"
"Named_Logos","Basketbrawl (Europe)","https://raw.githubusercontent.com/libretro-thumbnails/Atari_-_7800/refs/heads/master/Named_Logos/Basketbrawl (Europe).png"
"Named_Logos","Basketbrawl (USA)","https://raw.githubusercontent.com/libretro-thumbnails/Atari_-_7800/refs/heads/master/Named_Logos/Basketbrawl (USA).png"
"Named_Logos","Choplifter! (Europe)","https://raw.githubusercontent.com/libretro-thumbnails/Atari_-_7800/refs/heads/master/Named_Logos/Choplifter! (Europe).png"
"Named_Logos","Choplifter! (USA)","https://raw.githubusercontent.com/libretro-thumbnails/Atari_-_7800/refs/heads/master/Named_Logos/Choplifter! (USA).png"
"Named_Logos","Dark Chambers (Europe)","https://raw.githubusercontent.com/libretro-thumbnails/Atari_-_7800/refs/heads/master/Named_Logos/Dark Chambers (Europe).png"
"Named_Logos","Dark Chambers (USA)","https://raw.githubusercontent.com/libretro-thumbnails/Atari_-_7800/refs/heads/master/Named_Logos/Dark Chambers (USA).png"
"Named_Logos","Desert Falcon (Europe)","https://raw.githubusercontent.com/libretro-thumbnails/Atari_-_7800/refs/heads/master/Named_Logos/Desert Falcon (Europe).png"
"Named_Logos","Desert Falcon (USA)","https://raw.githubusercontent.com/libretro-thumbnails/Atari_-_7800/refs/heads/master/Named_Logos/Desert Falcon (USA).png"
"Named_Logos","Dig Dug (Europe)","https://raw.githubusercontent.com/libretro-thumbnails/Atari_-_7800/refs/heads/master/Named_Logos/Dig Dug (Europe).png"
"Named_Logos","Dig Dug (USA)","https://raw.githubusercontent.com/libretro-thumbnails/Atari_-_7800/refs/heads/master/Named_Logos/Dig Dug (USA).png"
"Named_Logos","Donkey Kong Junior (Europe)","https://raw.githubusercontent.com/libretro-thumbnails/Atari_-_7800/refs/heads/master/Named_Logos/Donkey Kong Junior (Europe).png"
"Named_Logos","Donkey Kong Junior (USA)","https://raw.githubusercontent.com/libretro-thumbnails/Atari_-_7800/refs/heads/master/Named_Logos/Donkey Kong Junior (USA).png"
"Named_Logos","F-18 Hornet (Europe)","https://raw.githubusercontent.com/libretro-thumbnails/Atari_-_7800/refs/heads/master/Named_Logos/F-18 Hornet (Europe).png"
"Named_Logos","F-18 Hornet (USA)","https://raw.githubusercontent.com/libretro-thumbnails/Atari_-_7800/refs/heads/master/Named_Logos/F-18 Hornet (USA).png"
"Named_Logos","Fatal Run (Europe)","https://raw.githubusercontent.com/libretro-thumbnails/Atari_-_7800/refs/heads/master/Named_Logos/Fatal Run (Europe).png"
"Named_Logos","Fatal Run (USA)","https://raw.githubusercontent.com/libretro-thumbnails/Atari_-_7800/refs/heads/master/Named_Logos/Fatal Run (USA).png"
"Named_Logos","Fight Night (Europe)","https://raw.githubusercontent.com/libretro-thumbnails/Atari_-_7800/refs/heads/master/Named_Logos/Fight Night (Europe).png"
"Named_Logos","Fight Night (USA)","https://raw.githubusercontent.com/libretro-thumbnails/Atari_-_7800/refs/heads/master/Named_Logos/Fight Night (USA).png"
"Named_Logos","Food Fight (Europe)","https://raw.githubusercontent.com/libretro-thumbnails/Atari_-_7800/refs/heads/master/Named_Logos/Food Fight (Europe).png"
"Named_Logos","Food Fight (USA)","https://raw.githubusercontent.com/libretro-thumbnails/Atari_-_7800/refs/heads/master/Named_Logos/Food Fight (USA).png"
"Named_Logos","Galaga (Europe)","https://raw.githubusercontent.com/libretro-thumbnails/Atari_-_7800/refs/heads/master/Named_Logos/Galaga (Europe).png"
"Named_Logos","Galaga (USA)","https://raw.githubusercontent.com/libretro-thumbnails/Atari_-_7800/refs/heads/master/Named_Logos/Galaga (USA).png"
"Named_Logos","Hat Trick (Europe)","https://raw.githubusercontent.com/libretro-thumbnails/Atari_-_7800/refs/heads/master/Named_Logos/Hat Trick (Europe).png"
"Named_Logos","Hat Trick (USA)","https://raw.githubusercontent.com/libretro-thumbnails/Atari_-_7800/refs/heads/master/Named_Logos/Hat Trick (USA).png"
"Named_Logos","Ikari Warriors (Europe)","https://raw.githubusercontent.com/libretro-thumbnails/Atari_-_7800/refs/heads/master/Named_Logos/Ikari Warriors (Europe).png"
"Named_Logos","Ikari Warriors (USA)","https://raw.githubusercontent.com/libretro-thumbnails/Atari_-_7800/refs/heads/master/Named_Logos/Ikari Warriors (USA).png"
"Named_Logos","Jinks (Europe)","https://raw.githubusercontent.com/libretro-thumbnails/Atari_-_7800/refs/heads/master/Named_Logos/Jinks (Europe).png"
"Named_Logos","Jinks (USA)","https://raw.githubusercontent.com/libretro-thumbnails/Atari_-_7800/refs/heads/master/Named_Logos/Jinks (USA).png"
"Named_Logos","Joust (Europe)","https://raw.githubusercontent.com/libretro-thumbnails/Atari_-_7800/refs/heads/master/Named_Logos/Joust (Europe).png"
"Named_Logos","Joust (USA)","https://raw.githubusercontent.com/libretro-thumbnails/Atari_-_7800/refs/heads/master/Named_Logos/Joust (USA).png"
"Named_Logos","Mario Bros. (Europe)","https://raw.githubusercontent.com/libretro-thumbnails/Atari_-_7800/refs/heads/master/Named_Logos/Mario Bros. (Europe).png"
"Named_Logos","Mario Bros. (USA)","https://raw.githubusercontent.com/libretro-thumbnails/Atari_-_7800/refs/heads/master/Named_Logos/Mario Bros. (USA).png"
"Named_Logos","Mat Mania Challenge (Europe)","https://raw.githubusercontent.com/libretro-thumbnails/Atari_-_7800/refs/heads/master/Named_Logos/Mat Mania Challenge (Europe).png"
"Named_Logos","Mat Mania Challenge (USA)","https://raw.githubusercontent.com/libretro-thumbnails/Atari_-_7800/refs/heads/master/Named_Logos/Mat Mania Challenge (USA).png"
"Named_Logos","Mean 18 Ultimate Golf (Europe)","https://raw.githubusercontent.com/libretro-thumbnails/Atari_-_7800/refs/heads/master/Named_Logos/Mean 18 Ultimate Golf (Europe).png"
"Named_Logos","Mean 18 Ultimate Golf (USA)","https://raw.githubusercontent.com/libretro-thumbnails/Atari_-_7800/refs/heads/master/Named_Logos/Mean 18 Ultimate Golf (USA).png"
"Named_Logos","Meltdown (Europe)","https://raw.githubusercontent.com/libretro-thumbnails/Atari_-_7800/refs/heads/master/Named_Logos/Meltdown (Europe).png"
"Named_Logos","Meltdown (USA)","https://raw.githubusercontent.com/libretro-thumbnails/Atari_-_7800/refs/heads/master/Named_Logos/Meltdown (USA).png"
"Named_Logos","Midnight Mutants (Europe)","https://raw.githubusercontent.com/libretro-thumbnails/Atari_-_7800/refs/heads/master/Named_Logos/Midnight Mutants (Europe).png"
"Named_Logos","Midnight Mutants (USA)","https://raw.githubusercontent.com/libretro-thumbnails/Atari_-_7800/refs/heads/master/Named_Logos/Midnight Mutants (USA).png"
"Named_Logos","Motor Psycho (Europe)","https://raw.githubusercontent.com/libretro-thumbnails/Atari_-_7800/refs/heads/master/Named_Logos/Motor Psycho (Europe).png"
"Named_Logos","Motor Psycho (USA)","https://raw.githubusercontent.com/libretro-thumbnails/Atari_-_7800/refs/heads/master/Named_Logos/Motor Psycho (USA).png"
"Named_Logos","Ms. Pac-Man (Europe)","https://raw.githubusercontent.com/libretro-thumbnails/Atari_-_7800/refs/heads/master/Named_Logos/Ms. Pac-Man (Europe).png"
"Named_Logos","Ms. Pac-Man (USA)","https://raw.githubusercontent.com/libretro-thumbnails/Atari_-_7800/refs/heads/master/Named_Logos/Ms. Pac-Man (USA).png"
"Named_Logos","Ninja Golf (Europe)","https://raw.githubusercontent.com/libretro-thumbnails/Atari_-_7800/refs/heads/master/Named_Logos/Ninja Golf (Europe).png"
"Named_Logos","Ninja Golf (USA)","https://raw.githubusercontent.com/libretro-thumbnails/Atari_-_7800/refs/heads/master/Named_Logos/Ninja Golf (USA).png"
"Named_Logos","One-on-One Basketball (Europe)","https://raw.githubusercontent.com/libretro-thumbnails/Atari_-_7800/refs/heads/master/Named_Logos/One-on-One Basketball (Europe).png"
"Named_Logos","One-on-One Basketball (USA)","https://raw.githubusercontent.com/libretro-thumbnails/Atari_-_7800/refs/heads/master/Named_Logos/One-on-One Basketball (USA).png"
"Named_Logos","Pete Rose Baseball (USA)","https://raw.githubusercontent.com/libretro-thumbnails/Atari_-_7800/refs/heads/master/Named_Logos/Pete Rose Baseball (USA).png"
"Named_Logos","Planet Smashers (Europe)","https://raw.githubusercontent.com/libretro-thumbnails/Atari_-_7800/refs/heads/master/Named_Logos/Planet Smashers (Europe).png"
"Named_Logos","Planet Smashers (USA)","https://raw.githubusercontent.com/libretro-thumbnails/Atari_-_7800/refs/heads/master/Named_Logos/Planet Smashers (USA).png"
"Named_Logos","Pole Position II (Europe)","https://raw.githubusercontent.com/libretro-thumbnails/Atari_-_7800/refs/heads/master/Named_Logos/Pole Position II (Europe).png"
"Named_Logos","Pole Position II (USA)","https://raw.githubusercontent.com/libretro-thumbnails/Atari_-_7800/refs/heads/master/Named_Logos/Pole Position II (USA).png"
"Named_Logos","RealSports Baseball (USA)","https://raw.githubusercontent.com/libretro-thumbnails/Atari_-_7800/refs/heads/master/Named_Logos/RealSports Baseball (USA).png"
"Named_Logos","Robotron - 2084 (USA)","https://raw.githubusercontent.com/libretro-thumbnails/Atari_-_7800/refs/heads/master/Named_Logos/Robotron - 2084 (USA).png"
"Named_Logos","Scrapyard Dog (Europe)","https://raw.githubusercontent.com/libretro-thumbnails/Atari_-_7800/refs/heads/master/Named_Logos/Scrapyard Dog (Europe).png"
"Named_Logos","Scrapyard Dog (USA)","https://raw.githubusercontent.com/libretro-thumbnails/Atari_-_7800/refs/heads/master/Named_Logos/Scrapyard Dog (USA).png"
"Named_Logos","Sentinel (Europe)","https://raw.githubusercontent.com/libretro-thumbnails/Atari_-_7800/refs/heads/master/Named_Logos/Sentinel (Europe).png"
"Named_Logos","Super Huey UH-IX (Europe)","https://raw.githubusercontent.com/libretro-thumbnails/Atari_-_7800/refs/heads/master/Named_Logos/Super Huey UH-IX (Europe).png"
"Named_Logos","Super Huey UH-IX (USA)","https://raw.githubusercontent.com/libretro-thumbnails/Atari_-_7800/refs/heads/master/Named_Logos/Super Huey UH-IX (USA).png"
"Named_Logos","Super Skateboardin' (Europe)","https://raw.githubusercontent.com/libretro-thumbnails/Atari_-_7800/refs/heads/master/Named_Logos/Super Skateboardin' (Europe).png"
"Named_Logos","Super Skateboardin' (USA)","https://raw.githubusercontent.com/libretro-thumbnails/Atari_-_7800/refs/heads/master/Named_Logos/Super Skateboardin' (USA).png"
"Named_Logos","Tank Command (USA)","https://raw.githubusercontent.com/libretro-thumbnails/Atari_-_7800/refs/heads/master/Named_Logos/Tank Command (USA).png"
"Named_Logos","Title Match Pro Wrestling (Europe)","https://raw.githubusercontent.com/libretro-thumbnails/Atari_-_7800/refs/heads/master/Named_Logos/Title Match Pro Wrestling (Europe).png"
"Named_Logos","Title Match Pro Wrestling (USA)","https://raw.githubusercontent.com/libretro-thumbnails/Atari_-_7800/refs/heads/master/Named_Logos/Title Match Pro Wrestling (USA).png"
"Named_Logos","Tomcat - The F-14 Fighter Simulator (Europe)","https://raw.githubusercontent.com/libretro-thumbnails/Atari_-_7800/refs/heads/master/Named_Logos/Tomcat - The F-14 Fighter Simulator (Europe).png"
"Named_Logos","Tomcat - The F-14 Fighter Simulator (USA)","https://raw.githubusercontent.com/libretro-thumbnails/Atari_-_7800/refs/heads/master/Named_Logos/Tomcat - The F-14 Fighter Simulator (USA).png"
"Named_Logos","Touchdown Football (USA)","https://raw.githubusercontent.com/libretro-thumbnails/Atari_-_7800/refs/heads/master/Named_Logos/Touchdown Football (USA).png"
"Named_Logos","Water Ski (USA)","https://raw.githubusercontent.com/libretro-thumbnails/Atari_-_7800/refs/heads/master/Named_Logos/Water Ski (USA).png"
"Named_Logos","Xenophobe (Europe)","https://raw.githubusercontent.com/libretro-thumbnails/Atari_-_7800/refs/heads/master/Named_Logos/Xenophobe (Europe).png"
"Named_Logos","Xenophobe (USA)","https://raw.githubusercontent.com/libretro-thumbnails/Atari_-_7800/refs/heads/master/Named_Logos/Xenophobe (USA).png"
"Named_Snaps","32 in 1 (Australia)","https://raw.githubusercontent.com/libretro-thumbnails/Atari_-_7800/refs/heads/master/Named_Snaps/32 in 1 (Australia).png"
"Named_Snaps","7800 Monitor Cart (USA) (Program) (Unl)","https://raw.githubusercontent.com/libretro-thumbnails/Atari_-_7800/refs/heads/master/Named_Snaps/7800 Monitor Cart (USA) (Program) (Unl).png"
"Named_Snaps","Ace of Aces (Europe)","https://raw.githubusercontent.com/libretro-thumbnails/Atari_-_7800/refs/heads/master/Named_Snaps/Ace of Aces (Europe).png"
"Named_Snaps","Ace of Aces (USA)","https://raw.githubusercontent.com/libretro-thumbnails/Atari_-_7800/refs/heads/master/Named_Snaps/Ace of Aces (USA).png"
"Named_Snaps","Alien Brigade (Europe)","https://raw.githubusercontent.com/libretro-thumbnails/Atari_-_7800/refs/heads/master/Named_Snaps/Alien Brigade (Europe).png"
"Named_Snaps","Alien Brigade (USA)","https://raw.githubusercontent.com/libretro-thumbnails/Atari_-_7800/refs/heads/master/Named_Snaps/Alien Brigade (USA).png"
"Named_Snaps","Asteroids (USA) (Beta)","https://raw.githubusercontent.com/libretro-thumbnails/Atari_-_7800/refs/heads/master/Named_Snaps/Asteroids (USA) (Beta).png"
"Named_Snaps","Asteroids (USA)","https://raw.githubusercontent.com/libretro-thumbnails/Atari_-_7800/refs/heads/master/Named_Snaps/Asteroids (USA).png"
"Named_Snaps","Atari 7800 Development Card (USA)","https://raw.githubusercontent.com/libretro-thumbnails/Atari_-_7800/refs/heads/master/Named_Snaps/Atari 7800 Development Card (USA).png"
"Named_Snaps","Ballblazer (Europe)","https://raw.githubusercontent.com/libretro-thumbnails/Atari_-_7800/refs/heads/master/Named_Snaps/Ballblazer (Europe).png"
"Named_Snaps","Ballblazer (USA)","https://raw.githubusercontent.com/libretro-thumbnails/Atari_-_7800/refs/heads/master/Named_Snaps/Ballblazer (USA).png"
"Named_Snaps","Barnyard Blaster (Europe)","https://raw.githubusercontent.com/libretro-thumbnails/Atari_-_7800/refs/heads/master/Named_Snaps/Barnyard Blaster (Europe).png"
"Named_Snaps","Barnyard Blaster (USA)","https://raw.githubusercontent.com/libretro-thumbnails/Atari_-_7800/refs/heads/master/Named_Snaps/Barnyard Blaster (USA).png"
"Named_Snaps","Baseball (Europe)","https://raw.githubusercontent.com/libretro-thumbnails/Atari_-_7800/refs/heads/master/Named_Snaps/Baseball (Europe).png"
"Named_Snaps","Basketbrawl (Europe)","https://raw.githubusercontent.com/libretro-thumbnails/Atari_-_7800/refs/heads/master/Named_Snaps/Basketbrawl (Europe).png"
"Named_Snaps","Basketbrawl (USA)","https://raw.githubusercontent.com/libretro-thumbnails/Atari_-_7800/refs/heads/master/Named_Snaps/Basketbrawl (USA).png"
"Named_Snaps","Centipede (Europe)","https://raw.githubusercontent.com/libretro-thumbnails/Atari_-_7800/refs/heads/master/Named_Snaps/Centipede (Europe).png"
"Named_Snaps","Centipede (USA)","https://raw.githubusercontent.com/libretro-thumbnails/Atari_-_7800/refs/heads/master/Named_Snaps/Centipede (USA).png"
"Named_Snaps","Choplifter! (Europe)","https://raw.githubusercontent.com/libretro-thumbnails/Atari_-_7800/refs/heads/master/Named_Snaps/Choplifter! (Europe).png"
"Named_Snaps","Choplifter! (USA)","https://raw.githubusercontent.com/libretro-thumbnails/Atari_-_7800/refs/heads/master/Named_Snaps/Choplifter! (USA).png"
"Named_Snaps","Commando (Europe)","https://raw.githubusercontent.com/libretro-thumbnails/Atari_-_7800/refs/heads/master/Named_Snaps/Commando (Europe).png"
"Named_Snaps","Commando (USA)","https://raw.githubusercontent.com/libretro-thumbnails/Atari_-_7800/refs/heads/master/Named_Snaps/Commando (USA).png"
"Named_Snaps","Crack'ed (Europe)","https://raw.githubusercontent.com/libretro-thumbnails/Atari_-_7800/refs/heads/master/Named_Snaps/Crack'ed (Europe).png"
"Named_Snaps","Crack'ed (USA)","https://raw.githubusercontent.com/libretro-thumbnails/Atari_-_7800/refs/heads/master/Named_Snaps/Crack'ed (USA).png"
"Named_Snaps","Crossbow (Europe)","https://raw.githubusercontent.com/libretro-thumbnails/Atari_-_7800/refs/heads/master/Named_Snaps/Crossbow (Europe).png"
"Named_Snaps","Crossbow (USA)","https://raw.githubusercontent.com/libretro-thumbnails/Atari_-_7800/refs/heads/master/Named_Snaps/Crossbow (USA).png"
"Named_Snaps","Dark Chambers (Europe)","https://raw.githubusercontent.com/libretro-thumbnails/Atari_-_7800/refs/heads/master/Named_Snaps/Dark Chambers (Europe).png"
"Named_Snaps","Dark Chambers (USA)","https://raw.githubusercontent.com/libretro-thumbnails/Atari_-_7800/refs/heads/master/Named_Snaps/Dark Chambers (USA).png"
"Named_Snaps","Desert Falcon (Europe)","https://raw.githubusercontent.com/libretro-thumbnails/Atari_-_7800/refs/heads/master/Named_Snaps/Desert Falcon (Europe).png"
"Named_Snaps","Desert Falcon (USA)","https://raw.githubusercontent.com/libretro-thumbnails/Atari_-_7800/refs/heads/master/Named_Snaps/Desert Falcon (USA).png"
"Named_Snaps","Diagnostic Test Cartrige (USA) (Beta)","https://raw.githubusercontent.com/libretro-thumbnails/Atari_-_7800/refs/heads/master/Named_Snaps/Diagnostic Test Cartrige (USA) (Beta).png"
"Named_Snaps","Diagnostic Test Cartrige (USA)","https://raw.githubusercontent.com/libretro-thumbnails/Atari_-_7800/refs/heads/master/Named_Snaps/Diagnostic Test Cartrige (USA).png"
"Named_Snaps","Dig Dug (Europe)","https://raw.githubusercontent.com/libretro-thumbnails/Atari_-_7800/refs/heads/master/Named_Snaps/Dig Dug (Europe).png"
"Named_Snaps","Dig Dug (USA)","https://raw.githubusercontent.com/libretro-thumbnails/Atari_-_7800/refs/heads/master/Named_Snaps/Dig Dug (USA).png"
"Named_Snaps","Donkey Kong (Europe)","https://raw.githubusercontent.com/libretro-thumbnails/Atari_-_7800/refs/heads/master/Named_Snaps/Donkey Kong (Europe).png"
"Named_Snaps","Donkey Kong (USA)","https://raw.githubusercontent.com/libretro-thumbnails/Atari_-_7800/refs/heads/master/Named_Snaps/Donkey Kong (USA).png"
"Named_Snaps","Donkey Kong Junior (Europe)","https://raw.githubusercontent.com/libretro-thumbnails/Atari_-_7800/refs/heads/master/Named_Snaps/Donkey Kong Junior (Europe).png"
"Named_Snaps","Donkey Kong Junior (USA)","https://raw.githubusercontent.com/libretro-thumbnails/Atari_-_7800/refs/heads/master/Named_Snaps/Donkey Kong Junior (USA).png"
"Named_Snaps","Double Dragon (Europe)","https://raw.githubusercontent.com/libretro-thumbnails/Atari_-_7800/refs/heads/master/Named_Snaps/Double Dragon (Europe).png"
"Named_Snaps","Double Dragon (USA)","https://raw.githubusercontent.com/libretro-thumbnails/Atari_-_7800/refs/heads/master/Named_Snaps/Double Dragon (USA).png"
"Named_Snaps","F-18 Hornet (Europe)","https://raw.githubusercontent.com/libretro-thumbnails/Atari_-_7800/refs/heads/master/Named_Snaps/F-18 Hornet (Europe).png"
"Named_Snaps","F-18 Hornet (USA)","https://raw.githubusercontent.com/libretro-thumbnails/Atari_-_7800/refs/heads/master/Named_Snaps/F-18 Hornet (USA).png"
"Named_Snaps","Fatal Run (Europe)","https://raw.githubusercontent.com/libretro-thumbnails/Atari_-_7800/refs/heads/master/Named_Snaps/Fatal Run (Europe).png"
"Named_Snaps","Fatal Run (USA)","https://raw.githubusercontent.com/libretro-thumbnails/Atari_-_7800/refs/heads/master/Named_Snaps/Fatal Run (USA).png"
"Named_Snaps","Fight Night (Europe)","https://raw.githubusercontent.com/libretro-thumbnails/Atari_-_7800/refs/heads/master/Named_Snaps/Fight Night (Europe).png"
"Named_Snaps","Fight Night (USA)","https://raw.githubusercontent.com/libretro-thumbnails/Atari_-_7800/refs/heads/master/Named_Snaps/Fight Night (USA).png"
"Named_Snaps","Food Fight (Europe)","https://raw.githubusercontent.com/libretro-thumbnails/Atari_-_7800/refs/heads/master/Named_Snaps/Food Fight (Europe).png"
"Named_Snaps","Food Fight (USA) (Beta)","https://raw.githubusercontent.com/libretro-thumbnails/Atari_-_7800/refs/heads/master/Named_Snaps/Food Fight (USA) (Beta).png"
"Named_Snaps","Food Fight (USA)","https://raw.githubusercontent.com/libretro-thumbnails/Atari_-_7800/refs/heads/master/Named_Snaps/Food Fight (USA).png"
"Named_Snaps","GATO (USA) (Proto)","https://raw.githubusercontent.com/libretro-thumbnails/Atari_-_7800/refs/heads/master/Named_Snaps/GATO (USA) (Proto).png"
"Named_Snaps","Galaga (Europe)","https://raw.githubusercontent.com/libretro-thumbnails/Atari_-_7800/refs/heads/master/Named_Snaps/Galaga (Europe).png"
"Named_Snaps","Galaga (USA)","https://raw.githubusercontent.com/libretro-thumbnails/Atari_-_7800/refs/heads/master/Named_Snaps/Galaga (USA).png"
"Named_Snaps","Hat Trick (Europe)","https://raw.githubusercontent.com/libretro-thumbnails/Atari_-_7800/refs/heads/master/Named_Snaps/Hat Trick (Europe).png"
"Named_Snaps","Hat Trick (USA)","https://raw.githubusercontent.com/libretro-thumbnails/Atari_-_7800/refs/heads/master/Named_Snaps/Hat Trick (USA).png"
"Named_Snaps","High Score Cartridge (USA) (Proto)","https://raw.githubusercontent.com/libretro-thumbnails/Atari_-_7800/refs/heads/master/Named_Snaps/High Score Cartridge (USA) (Proto).png"
"Named_Snaps","Ikari Warriors (Europe)","https://raw.githubusercontent.com/libretro-thumbnails/Atari_-_7800/refs/heads/master/Named_Snaps/Ikari Warriors (Europe).png"
"Named_Snaps","Ikari Warriors (USA)","https://raw.githubusercontent.com/libretro-thumbnails/Atari_-_7800/refs/heads/master/Named_Snaps/Ikari Warriors (USA).png"
"Named_Snaps","Impossible Mission (Europe)","https://raw.githubusercontent.com/libretro-thumbnails/Atari_-_7800/refs/heads/master/Named_Snaps/Impossible Mission (Europe).png"
"Named_Snaps","Impossible Mission (USA)","https://raw.githubusercontent.com/libretro-thumbnails/Atari_-_7800/refs/heads/master/Named_Snaps/Impossible Mission (USA).png"
"Named_Snaps","Jinks (Europe)","https://raw.githubusercontent.com/libretro-thumbnails/Atari_-_7800/refs/heads/master/Named_Snaps/Jinks (Europe).png"
"Named_Snaps","Jinks (USA)","https://raw.githubusercontent.com/libretro-thumbnails/Atari_-_7800/refs/heads/master/Named_Snaps/Jinks (USA).png"
"Named_Snaps","Joust (Europe)","https://raw.githubusercontent.com/libretro-thumbnails/Atari_-_7800/refs/heads/master/Named_Snaps/Joust (Europe).png"
"Named_Snaps","Joust (USA)","https://raw.githubusercontent.com/libretro-thumbnails/Atari_-_7800/refs/heads/master/Named_Snaps/Joust (USA).png"
"Named_Snaps","Karateka (Europe)","https://raw.githubusercontent.com/libretro-thumbnails/Atari_-_7800/refs/heads/master/Named_Snaps/Karateka (Europe).png"
"Named_Snaps","Karateka (USA)","https://raw.githubusercontent.com/libretro-thumbnails/Atari_-_7800/refs/heads/master/Named_Snaps/Karateka (USA).png"
"Named_Snaps","Klax (USA) (Proto)","https://raw.githubusercontent.com/libretro-thumbnails/Atari_-_7800/refs/heads/master/Named_Snaps/Klax (USA) (Proto).png"
"Named_Snaps","Kung-Fu Master (Europe)","https://raw.githubusercontent.com/libretro-thumbnails/Atari_-_7800/refs/heads/master/Named_Snaps/Kung-Fu Master (Europe).png"
"Named_Snaps","Kung-Fu Master (USA)","https://raw.githubusercontent.com/libretro-thumbnails/Atari_-_7800/refs/heads/master/Named_Snaps/Kung-Fu Master (USA).png"
"Named_Snaps","Mario Bros. (Europe)","https://raw.githubusercontent.com/libretro-thumbnails/Atari_-_7800/refs/heads/master/Named_Snaps/Mario Bros. (Europe).png"
"Named_Snaps","Mario Bros. (USA)","https://raw.githubusercontent.com/libretro-thumbnails/Atari_-_7800/refs/heads/master/Named_Snaps/Mario Bros. (USA).png"
"Named_Snaps","Mat Mania Challenge (Europe)","https://raw.githubusercontent.com/libretro-thumbnails/Atari_-_7800/refs/heads/master/Named_Snaps/Mat Mania Challenge (Europe).png"
"Named_Snaps","Mat Mania Challenge (USA)","https://raw.githubusercontent.com/libretro-thumbnails/Atari_-_7800/refs/heads/master/Named_Snaps/Mat Mania Challenge (USA).png"
"Named_Snaps","Mean 18 Ultimate Golf (Europe)","https://raw.githubusercontent.com/libretro-thumbnails/Atari_-_7800/refs/heads/master/Named_Snaps/Mean 18 Ultimate Golf (Europe).png"
"Named_Snaps","Mean 18 Ultimate Golf (USA)","https://raw.githubusercontent.com/libretro-thumbnails/Atari_-_7800/refs/heads/master/Named_Snaps/Mean 18 Ultimate Golf (USA).png"
"Named_Snaps","Meltdown (Europe)","https://raw.githubusercontent.com/libretro-thumbnails/Atari_-_7800/refs/heads/master/Named_Snaps/Meltdown (Europe).png"
"Named_Snaps","Meltdown (USA)","https://raw.githubusercontent.com/libretro-thumbnails/Atari_-_7800/refs/heads/master/Named_Snaps/Meltdown (USA).png"
"Named_Snaps","Midnight Mutants (Europe)","https://raw.githubusercontent.com/libretro-thumbnails/Atari_-_7800/refs/heads/master/Named_Snaps/Midnight Mutants (Europe).png"
"Named_Snaps","Midnight Mutants (USA)","https://raw.githubusercontent.com/libretro-thumbnails/Atari_-_7800/refs/heads/master/Named_Snaps/Midnight Mutants (USA).png"
"Named_Snaps","Missing In Action (USA) (Proto)","https://raw.githubusercontent.com/libretro-thumbnails/Atari_-_7800/refs/heads/master/Named_Snaps/Missing In Action (USA) (Proto).png"
"Named_Snaps","Missing in Action (USA) (Proto)","https://raw.githubusercontent.com/libretro-thumbnails/Atari_-_7800/refs/heads/master/Named_Snaps/Missing in Action (USA) (Proto).png"
"Named_Snaps","Motor Psycho (Europe)","https://raw.githubusercontent.com/libretro-thumbnails/Atari_-_7800/refs/heads/master/Named_Snaps/Motor Psycho (Europe).png"
"Named_Snaps","Motor Psycho (USA)","https://raw.githubusercontent.com/libretro-thumbnails/Atari_-_7800/refs/heads/master/Named_Snaps/Motor Psycho (USA).png"
"Named_Snaps","Ms. Pac-Man (Europe)","https://raw.githubusercontent.com/libretro-thumbnails/Atari_-_7800/refs/heads/master/Named_Snaps/Ms. Pac-Man (Europe).png"
"Named_Snaps","Ms. Pac-Man (USA)","https://raw.githubusercontent.com/libretro-thumbnails/Atari_-_7800/refs/heads/master/Named_Snaps/Ms. Pac-Man (USA).png"
"Named_Snaps","Ninja Golf (Europe)","https://raw.githubusercontent.com/libretro-thumbnails/Atari_-_7800/refs/heads/master/Named_Snaps/Ninja Golf (Europe).png"
"Named_Snaps","Ninja Golf (USA)","https://raw.githubusercontent.com/libretro-thumbnails/Atari_-_7800/refs/heads/master/Named_Snaps/Ninja Golf (USA).png"
"Named_Snaps","One-on-One Basketball (Europe)","https://raw.githubusercontent.com/libretro-thumbnails/Atari_-_7800/refs/heads/master/Named_Snaps/One-on-One Basketball (Europe).png"
"Named_Snaps","One-on-One Basketball (USA)","https://raw.githubusercontent.com/libretro-thumbnails/Atari_-_7800/refs/heads/master/Named_Snaps/One-on-One Basketball (USA).png"
"Named_Snaps","Pete Rose Baseball (USA)","https://raw.githubusercontent.com/libretro-thumbnails/Atari_-_7800/refs/heads/master/Named_Snaps/Pete Rose Baseball (USA).png"
"Named_Snaps","Pit Fighter (USA) (Proto)","https://raw.githubusercontent.com/libretro-thumbnails/Atari_-_7800/refs/heads/master/Named_Snaps/Pit Fighter (USA) (Proto).png"
"Named_Snaps","Planet Smashers (Europe)","https://raw.githubusercontent.com/libretro-thumbnails/Atari_-_7800/refs/heads/master/Named_Snaps/Planet Smashers (Europe).png"
"Named_Snaps","Planet Smashers (USA)","https://raw.githubusercontent.com/libretro-thumbnails/Atari_-_7800/refs/heads/master/Named_Snaps/Planet Smashers (USA).png"
"Named_Snaps","Plutos (USA) (Proto)","https://raw.githubusercontent.com/libretro-thumbnails/Atari_-_7800/refs/heads/master/Named_Snaps/Plutos (USA) (Proto).png"
"Named_Snaps","Pole Position II (Europe)","https://raw.githubusercontent.com/libretro-thumbnails/Atari_-_7800/refs/heads/master/Named_Snaps/Pole Position II (Europe).png"
"Named_Snaps","Pole Position II (USA) (Beta)","https://raw.githubusercontent.com/libretro-thumbnails/Atari_-_7800/refs/heads/master/Named_Snaps/Pole Position II (USA) (Beta).png"
"Named_Snaps","Pole Position II (USA)","https://raw.githubusercontent.com/libretro-thumbnails/Atari_-_7800/refs/heads/master/Named_Snaps/Pole Position II (USA).png"
"Named_Snaps","Rampage (USA)","https://raw.githubusercontent.com/libretro-thumbnails/Atari_-_7800/refs/heads/master/Named_Snaps/Rampage (USA).png"
"Named_Snaps","Rampart (USA) (Proto)","https://raw.githubusercontent.com/libretro-thumbnails/Atari_-_7800/refs/heads/master/Named_Snaps/Rampart (USA) (Proto).png"
"Named_Snaps","RealSports Baseball (USA)","https://raw.githubusercontent.com/libretro-thumbnails/Atari_-_7800/refs/heads/master/Named_Snaps/RealSports Baseball (USA).png"
"Named_Snaps","Rescue on Fractalus (USA) (Proto)","https://raw.githubusercontent.com/libretro-thumbnails/Atari_-_7800/refs/heads/master/Named_Snaps/Rescue on Fractalus (USA) (Proto).png"
"Named_Snaps","Rikki _ Vikki (World) (Aftermarket) (Unl)","https://raw.githubusercontent.com/libretro-thumbnails/Atari_-_7800/refs/heads/master/Named_Snaps/Rikki _ Vikki (World) (Aftermarket) (Unl).png"
"Named_Snaps","Robotron - 2084 (USA)","https://raw.githubusercontent.com/libretro-thumbnails/Atari_-_7800/refs/heads/master/Named_Snaps/Robotron - 2084 (USA).png"
"Named_Snaps","Scrapyard Dog (Europe)","https://raw.githubusercontent.com/libretro-thumbnails/Atari_-_7800/refs/heads/master/Named_Snaps/Scrapyard Dog (Europe).png"
"Named_Snaps","Scrapyard Dog (USA)","https://raw.githubusercontent.com/libretro-thumbnails/Atari_-_7800/refs/heads/master/Named_Snaps/Scrapyard Dog (USA).png"
"Named_Snaps","Sentinel (Europe)","https://raw.githubusercontent.com/libretro-thumbnails/Atari_-_7800/refs/heads/master/Named_Snaps/Sentinel (Europe).png"
"Named_Snaps","Sentinel (USA) (Proto)","https://raw.githubusercontent.com/libretro-thumbnails/Atari_-_7800/refs/heads/master/Named_Snaps/Sentinel (USA) (Proto).png"
"Named_Snaps","Sirius (USA) (Proto)","https://raw.githubusercontent.com/libretro-thumbnails/Atari_-_7800/refs/heads/master/Named_Snaps/Sirius (USA) (Proto).png"
"Named_Snaps","Summer Games (USA)","https://raw.githubusercontent.com/libretro-thumbnails/Atari_-_7800/refs/heads/master/Named_Snaps/Summer Games (USA).png"
"Named_Snaps","Super Huey UH-IX (Europe)","https://raw.githubusercontent.com/libretro-thumbnails/Atari_-_7800/refs/heads/master/Named_Snaps/Super Huey UH-IX (Europe).png"
"Named_Snaps","Super Huey UH-IX (USA)","https://raw.githubusercontent.com/libretro-thumbnails/Atari_-_7800/refs/heads/master/Named_Snaps/Super Huey UH-IX (USA).png"
"Named_Snaps","Super Skateboardin' (Europe)","https://raw.githubusercontent.com/libretro-thumbnails/Atari_-_7800/refs/heads/master/Named_Snaps/Super Skateboardin' (Europe).png"
"Named_Snaps","Super Skateboardin' (USA)","https://raw.githubusercontent.com/libretro-thumbnails/Atari_-_7800/refs/heads/master/Named_Snaps/Super Skateboardin' (USA).png"
"Named_Snaps","Tank Command (USA)","https://raw.githubusercontent.com/libretro-thumbnails/Atari_-_7800/refs/heads/master/Named_Snaps/Tank Command (USA).png"
"Named_Snaps","Title Match Pro Wrestling (Europe)","https://raw.githubusercontent.com/libretro-thumbnails/Atari_-_7800/refs/heads/master/Named_Snaps/Title Match Pro Wrestling (Europe).png"
"Named_Snaps","Title Match Pro Wrestling (USA)","https://raw.githubusercontent.com/libretro-thumbnails/Atari_-_7800/refs/heads/master/Named_Snaps/Title Match Pro Wrestling (USA).png"
"Named_Snaps","Tomcat - The F-14 Fighter Simulator (Europe)","https://raw.githubusercontent.com/libretro-thumbnails/Atari_-_7800/refs/heads/master/Named_Snaps/Tomcat - The F-14 Fighter Simulator (Europe).png"
"Named_Snaps","Tomcat - The F-14 Fighter Simulator (USA)","https://raw.githubusercontent.com/libretro-thumbnails/Atari_-_7800/refs/heads/master/Named_Snaps/Tomcat - The F-14 Fighter Simulator (USA).png"
"Named_Snaps","Touchdown Football (USA)","https://raw.githubusercontent.com/libretro-thumbnails/Atari_-_7800/refs/heads/master/Named_Snaps/Touchdown Football (USA).png"
"Named_Snaps","Tower Toppler (Europe)","https://raw.githubusercontent.com/libretro-thumbnails/Atari_-_7800/refs/heads/master/Named_Snaps/Tower Toppler (Europe).png"
"Named_Snaps","Tower Toppler (USA)","https://raw.githubusercontent.com/libretro-thumbnails/Atari_-_7800/refs/heads/master/Named_Snaps/Tower Toppler (USA).png"
"Named_Snaps","Water Ski (USA)","https://raw.githubusercontent.com/libretro-thumbnails/Atari_-_7800/refs/heads/master/Named_Snaps/Water Ski (USA).png"
"Named_Snaps","Winter Games (USA)","https://raw.githubusercontent.com/libretro-thumbnails/Atari_-_7800/refs/heads/master/Named_Snaps/Winter Games (USA).png"
"Named_Snaps","Xenophobe (Europe)","https://raw.githubusercontent.com/libretro-thumbnails/Atari_-_7800/refs/heads/master/Named_Snaps/Xenophobe (Europe).png"
"Named_Snaps","Xenophobe (USA)","https://raw.githubusercontent.com/libretro-thumbnails/Atari_-_7800/refs/heads/master/Named_Snaps/Xenophobe (USA).png"
"Named_Snaps","Xevious (Europe)","https://raw.githubusercontent.com/libretro-thumbnails/Atari_-_7800/refs/heads/master/Named_Snaps/Xevious (Europe).png"
"Named_Snaps","Xevious (USA) (Beta)","https://raw.githubusercontent.com/libretro-thumbnails/Atari_-_7800/refs/heads/master/Named_Snaps/Xevious (USA) (Beta).png"
"Named_Snaps","Xevious (USA)","https://raw.githubusercontent.com/libretro-thumbnails/Atari_-_7800/refs/heads/master/Named_Snaps/Xevious (USA).png"
"Named_Titles","Ace of Aces (Europe)","https://raw.githubusercontent.com/libretro-thumbnails/Atari_-_7800/refs/heads/master/Named_Titles/Ace of Aces (Europe).png"
"Named_Titles","Ace of Aces (USA)","https://raw.githubusercontent.com/libretro-thumbnails/Atari_-_7800/refs/heads/master/Named_Titles/Ace of Aces (USA).png"
"Named_Titles","Alien Brigade (Europe)","https://raw.githubusercontent.com/libretro-thumbnails/Atari_-_7800/refs/heads/master/Named_Titles/Alien Brigade (Europe).png"
"Named_Titles","Alien Brigade (USA)","https://raw.githubusercontent.com/libretro-thumbnails/Atari_-_7800/refs/heads/master/Named_Titles/Alien Brigade (USA).png"
"Named_Titles","Asteroids (USA) (Beta)","https://raw.githubusercontent.com/libretro-thumbnails/Atari_-_7800/refs/heads/master/Named_Titles/Asteroids (USA) (Beta).png"
"Named_Titles","Asteroids (USA)","https://raw.githubusercontent.com/libretro-thumbnails/Atari_-_7800/refs/heads/master/Named_Titles/Asteroids (USA).png"
"Named_Titles","Ballblazer (Europe)","https://raw.githubusercontent.com/libretro-thumbnails/Atari_-_7800/refs/heads/master/Named_Titles/Ballblazer (Europe).png"
"Named_Titles","Ballblazer (USA)","https://raw.githubusercontent.com/libretro-thumbnails/Atari_-_7800/refs/heads/master/Named_Titles/Ballblazer (USA).png"
"Named_Titles","Barnyard Blaster (Europe)","https://raw.githubusercontent.com/libretro-thumbnails/Atari_-_7800/refs/heads/master/Named_Titles/Barnyard Blaster (Europe).png"
"Named_Titles","Barnyard Blaster (USA)","https://raw.githubusercontent.com/libretro-thumbnails/Atari_-_7800/refs/heads/master/Named_Titles/Barnyard Blaster (USA).png"
"Named_Titles","Baseball (Europe)","https://raw.githubusercontent.com/libretro-thumbnails/Atari_-_7800/refs/heads/master/Named_Titles/Baseball (Europe).png"
"Named_Titles","Basketbrawl (Europe)","https://raw.githubusercontent.com/libretro-thumbnails/Atari_-_7800/refs/heads/master/Named_Titles/Basketbrawl (Europe).png"
"Named_Titles","Basketbrawl (USA)","https://raw.githubusercontent.com/libretro-thumbnails/Atari_-_7800/refs/heads/master/Named_Titles/Basketbrawl (USA).png"
"Named_Titles","Centipede (Europe)","https://raw.githubusercontent.com/libretro-thumbnails/Atari_-_7800/refs/heads/master/Named_Titles/Centipede (Europe).png"
"Named_Titles","Centipede (USA)","https://raw.githubusercontent.com/libretro-thumbnails/Atari_-_7800/refs/heads/master/Named_Titles/Centipede (USA).png"
"Named_Titles","Choplifter! (Europe)","https://raw.githubusercontent.com/libretro-thumbnails/Atari_-_7800/refs/heads/master/Named_Titles/Choplifter! (Europe).png"
"Named_Titles","Choplifter! (USA)","https://raw.githubusercontent.com/libretro-thumbnails/Atari_-_7800/refs/heads/master/Named_Titles/Choplifter! (USA).png"
"Named_Titles","Commando (Europe)","https://raw.githubusercontent.com/libretro-thumbnails/Atari_-_7800/refs/heads/master/Named_Titles/Commando (Europe).png"
"Named_Titles","Commando (USA)","https://raw.githubusercontent.com/libretro-thumbnails/Atari_-_7800/refs/heads/master/Named_Titles/Commando (USA).png"
"Named_Titles","Crack'ed (Europe)","https://raw.githubusercontent.com/libretro-thumbnails/Atari_-_7800/refs/heads/master/Named_Titles/Crack'ed (Europe).png"
"Named_Titles","Crack'ed (USA)","https://raw.githubusercontent.com/libretro-thumbnails/Atari_-_7800/refs/heads/master/Named_Titles/Crack'ed (USA).png"
"Named_Titles","Crossbow (Europe)","https://raw.githubusercontent.com/libretro-thumbnails/Atari_-_7800/refs/heads/master/Named_Titles/Crossbow (Europe).png"
"Named_Titles","Crossbow (USA)","https://raw.githubusercontent.com/libretro-thumbnails/Atari_-_7800/refs/heads/master/Named_Titles/Crossbow (USA).png"
"Named_Titles","Dark Chambers (Europe)","https://raw.githubusercontent.com/libretro-thumbnails/Atari_-_7800/refs/heads/master/Named_Titles/Dark Chambers (Europe).png"
"Named_Titles","Dark Chambers (USA)","https://raw.githubusercontent.com/libretro-thumbnails/Atari_-_7800/refs/heads/master/Named_Titles/Dark Chambers (USA).png"
"Named_Titles","Desert Falcon (Europe)","https://raw.githubusercontent.com/libretro-thumbnails/Atari_-_7800/refs/heads/master/Named_Titles/Desert Falcon (Europe).png"
"Named_Titles","Desert Falcon (USA)","https://raw.githubusercontent.com/libretro-thumbnails/Atari_-_7800/refs/heads/master/Named_Titles/Desert Falcon (USA).png"
"Named_Titles","Diagnostic Test Cartrige (USA)","https://raw.githubusercontent.com/libretro-thumbnails/Atari_-_7800/refs/heads/master/Named_Titles/Diagnostic Test Cartrige (USA).png"
"Named_Titles","Dig Dug (Europe)","https://raw.githubusercontent.com/libretro-thumbnails/Atari_-_7800/refs/heads/master/Named_Titles/Dig Dug (Europe).png"
"Named_Titles","Dig Dug (USA)","https://raw.githubusercontent.com/libretro-thumbnails/Atari_-_7800/refs/heads/master/Named_Titles/Dig Dug (USA).png"
"Named_Titles","Donkey Kong (Europe)","https://raw.githubusercontent.com/libretro-thumbnails/Atari_-_7800/refs/heads/master/Named_Titles/Donkey Kong (Europe).png"
"Named_Titles","Donkey Kong (USA)","https://raw.githubusercontent.com/libretro-thumbnails/Atari_-_7800/refs/heads/master/Named_Titles/Donkey Kong (USA).png"
"Named_Titles","Donkey Kong Junior (Europe)","https://raw.githubusercontent.com/libretro-thumbnails/Atari_-_7800/refs/heads/master/Named_Titles/Donkey Kong Junior (Europe).png"
"Named_Titles","Donkey Kong Junior (USA)","https://raw.githubusercontent.com/libretro-thumbnails/Atari_-_7800/refs/heads/master/Named_Titles/Donkey Kong Junior (USA).png"
"Named_Titles","Double Dragon (Europe)","https://raw.githubusercontent.com/libretro-thumbnails/Atari_-_7800/refs/heads/master/Named_Titles/Double Dragon (Europe).png"
"Named_Titles","Double Dragon (USA)","https://raw.githubusercontent.com/libretro-thumbnails/Atari_-_7800/refs/heads/master/Named_Titles/Double Dragon (USA).png"
"Named_Titles","F-18 Hornet (Europe)","https://raw.githubusercontent.com/libretro-thumbnails/Atari_-_7800/refs/heads/master/Named_Titles/F-18 Hornet (Europe).png"
"Named_Titles","F-18 Hornet (USA)","https://raw.githubusercontent.com/libretro-thumbnails/Atari_-_7800/refs/heads/master/Named_Titles/F-18 Hornet (USA).png"
"Named_Titles","Fatal Run (Europe)","https://raw.githubusercontent.com/libretro-thumbnails/Atari_-_7800/refs/heads/master/Named_Titles/Fatal Run (Europe).png"
"Named_Titles","Fatal Run (USA)","https://raw.githubusercontent.com/libretro-thumbnails/Atari_-_7800/refs/heads/master/Named_Titles/Fatal Run (USA).png"
"Named_Titles","Fight Night (Europe)","https://raw.githubusercontent.com/libretro-thumbnails/Atari_-_7800/refs/heads/master/Named_Titles/Fight Night (Europe).png"
"Named_Titles","Fight Night (USA)","https://raw.githubusercontent.com/libretro-thumbnails/Atari_-_7800/refs/heads/master/Named_Titles/Fight Night (USA).png"
"Named_Titles","Food Fight (Europe)","https://raw.githubusercontent.com/libretro-thumbnails/Atari_-_7800/refs/heads/master/Named_Titles/Food Fight (Europe).png"
"Named_Titles","Food Fight (USA) (Beta)","https://raw.githubusercontent.com/libretro-thumbnails/Atari_-_7800/refs/heads/master/Named_Titles/Food Fight (USA) (Beta).png"
"Named_Titles","Food Fight (USA)","https://raw.githubusercontent.com/libretro-thumbnails/Atari_-_7800/refs/heads/master/Named_Titles/Food Fight (USA).png"
"Named_Titles","GATO (USA) (Proto)","https://raw.githubusercontent.com/libretro-thumbnails/Atari_-_7800/refs/heads/master/Named_Titles/GATO (USA) (Proto).png"
"Named_Titles","Galaga (Europe)","https://raw.githubusercontent.com/libretro-thumbnails/Atari_-_7800/refs/heads/master/Named_Titles/Galaga (Europe).png"
"Named_Titles","Galaga (USA)","https://raw.githubusercontent.com/libretro-thumbnails/Atari_-_7800/refs/heads/master/Named_Titles/Galaga (USA).png"
"Named_Titles","Hat Trick (Europe)","https://raw.githubusercontent.com/libretro-thumbnails/Atari_-_7800/refs/heads/master/Named_Titles/Hat Trick (Europe).png"
"Named_Titles","Hat Trick (USA)","https://raw.githubusercontent.com/libretro-thumbnails/Atari_-_7800/refs/heads/master/Named_Titles/Hat Trick (USA).png"
"Named_Titles","Ikari Warriors (Europe)","https://raw.githubusercontent.com/libretro-thumbnails/Atari_-_7800/refs/heads/master/Named_Titles/Ikari Warriors (Europe).png"
"Named_Titles","Ikari Warriors (USA)","https://raw.githubusercontent.com/libretro-thumbnails/Atari_-_7800/refs/heads/master/Named_Titles/Ikari Warriors (USA).png"
"Named_Titles","Impossible Mission (Europe)","https://raw.githubusercontent.com/libretro-thumbnails/Atari_-_7800/refs/heads/master/Named_Titles/Impossible Mission (Europe).png"
"Named_Titles","Impossible Mission (USA)","https://raw.githubusercontent.com/libretro-thumbnails/Atari_-_7800/refs/heads/master/Named_Titles/Impossible Mission (USA).png"
"Named_Titles","Jinks (Europe)","https://raw.githubusercontent.com/libretro-thumbnails/Atari_-_7800/refs/heads/master/Named_Titles/Jinks (Europe).png"
"Named_Titles","Jinks (USA)","https://raw.githubusercontent.com/libretro-thumbnails/Atari_-_7800/refs/heads/master/Named_Titles/Jinks (USA).png"
"Named_Titles","Joust (Europe)","https://raw.githubusercontent.com/libretro-thumbnails/Atari_-_7800/refs/heads/master/Named_Titles/Joust (Europe).png"
"Named_Titles","Joust (USA)","https://raw.githubusercontent.com/libretro-thumbnails/Atari_-_7800/refs/heads/master/Named_Titles/Joust (USA).png"
"Named_Titles","Karateka (Europe)","https://raw.githubusercontent.com/libretro-thumbnails/Atari_-_7800/refs/heads/master/Named_Titles/Karateka (Europe).png"
"Named_Titles","Karateka (USA)","https://raw.githubusercontent.com/libretro-thumbnails/Atari_-_7800/refs/heads/master/Named_Titles/Karateka (USA).png"
"Named_Titles","Klax (USA) (Proto)","https://raw.githubusercontent.com/libretro-thumbnails/Atari_-_7800/refs/heads/master/Named_Titles/Klax (USA) (Proto).png"
"Named_Titles","Kung-Fu Master (Europe)","https://raw.githubusercontent.com/libretro-thumbnails/Atari_-_7800/refs/heads/master/Named_Titles/Kung-Fu Master (Europe).png"
"Named_Titles","Kung-Fu Master (USA)","https://raw.githubusercontent.com/libretro-thumbnails/Atari_-_7800/refs/heads/master/Named_Titles/Kung-Fu Master (USA).png"
"Named_Titles","Mario Bros. (Europe)","https://raw.githubusercontent.com/libretro-thumbnails/Atari_-_7800/refs/heads/master/Named_Titles/Mario Bros. (Europe).png"
"Named_Titles","Mario Bros. (USA)","https://raw.githubusercontent.com/libretro-thumbnails/Atari_-_7800/refs/heads/master/Named_Titles/Mario Bros. (USA).png"
"Named_Titles","Mat Mania Challenge (Europe)","https://raw.githubusercontent.com/libretro-thumbnails/Atari_-_7800/refs/heads/master/Named_Titles/Mat Mania Challenge (Europe).png"
"Named_Titles","Mat Mania Challenge (USA)","https://raw.githubusercontent.com/libretro-thumbnails/Atari_-_7800/refs/heads/master/Named_Titles/Mat Mania Challenge (USA).png"
"Named_Titles","Mean 18 Ultimate Golf (Europe)","https://raw.githubusercontent.com/libretro-thumbnails/Atari_-_7800/refs/heads/master/Named_Titles/Mean 18 Ultimate Golf (Europe).png"
"Named_Titles","Mean 18 Ultimate Golf (USA)","https://raw.githubusercontent.com/libretro-thumbnails/Atari_-_7800/refs/heads/master/Named_Titles/Mean 18 Ultimate Golf (USA).png"
"Named_Titles","Meltdown (Europe)","https://raw.githubusercontent.com/libretro-thumbnails/Atari_-_7800/refs/heads/master/Named_Titles/Meltdown (Europe).png"
"Named_Titles","Meltdown (USA)","https://raw.githubusercontent.com/libretro-thumbnails/Atari_-_7800/refs/heads/master/Named_Titles/Meltdown (USA).png"
"Named_Titles","Midnight Mutants (Europe)","https://raw.githubusercontent.com/libretro-thumbnails/Atari_-_7800/refs/heads/master/Named_Titles/Midnight Mutants (Europe).png"
"Named_Titles","Midnight Mutants (USA)","https://raw.githubusercontent.com/libretro-thumbnails/Atari_-_7800/refs/heads/master/Named_Titles/Midnight Mutants (USA).png"
"Named_Titles","Missing In Action (USA) (Proto)","https://raw.githubusercontent.com/libretro-thumbnails/Atari_-_7800/refs/heads/master/Named_Titles/Missing In Action (USA) (Proto).png"
"Named_Titles","Motor Psycho (Europe)","https://raw.githubusercontent.com/libretro-thumbnails/Atari_-_7800/refs/heads/master/Named_Titles/Motor Psycho (Europe).png"
"Named_Titles","Motor Psycho (USA)","https://raw.githubusercontent.com/libretro-thumbnails/Atari_-_7800/refs/heads/master/Named_Titles/Motor Psycho (USA).png"
"Named_Titles","Ms. Pac-Man (Europe)","https://raw.githubusercontent.com/libretro-thumbnails/Atari_-_7800/refs/heads/master/Named_Titles/Ms. Pac-Man (Europe).png"
"Named_Titles","Ms. Pac-Man (USA)","https://raw.githubusercontent.com/libretro-thumbnails/Atari_-_7800/refs/heads/master/Named_Titles/Ms. Pac-Man (USA).png"
"Named_Titles","Ninja Golf (Europe)","https://raw.githubusercontent.com/libretro-thumbnails/Atari_-_7800/refs/heads/master/Named_Titles/Ninja Golf (Europe).png"
"Named_Titles","Ninja Golf (USA)","https://raw.githubusercontent.com/libretro-thumbnails/Atari_-_7800/refs/heads/master/Named_Titles/Ninja Golf (USA).png"
"Named_Titles","One-on-One Basketball (Europe)","https://raw.githubusercontent.com/libretro-thumbnails/Atari_-_7800/refs/heads/master/Named_Titles/One-on-One Basketball (Europe).png"
"Named_Titles","One-on-One Basketball (USA)","https://raw.githubusercontent.com/libretro-thumbnails/Atari_-_7800/refs/heads/master/Named_Titles/One-on-One Basketball (USA).png"
"Named_Titles","Pete Rose Baseball (USA)","https://raw.githubusercontent.com/libretro-thumbnails/Atari_-_7800/refs/heads/master/Named_Titles/Pete Rose Baseball (USA).png"
"Named_Titles","Pit Fighter (USA) (Proto)","https://raw.githubusercontent.com/libretro-thumbnails/Atari_-_7800/refs/heads/master/Named_Titles/Pit Fighter (USA) (Proto).png"
"Named_Titles","Planet Smashers (Europe)","https://raw.githubusercontent.com/libretro-thumbnails/Atari_-_7800/refs/heads/master/Named_Titles/Planet Smashers (Europe).png"
"Named_Titles","Planet Smashers (USA)","https://raw.githubusercontent.com/libretro-thumbnails/Atari_-_7800/refs/heads/master/Named_Titles/Planet Smashers (USA).png"
"Named_Titles","Plutos (USA) (Proto)","https://raw.githubusercontent.com/libretro-thumbnails/Atari_-_7800/refs/heads/master/Named_Titles/Plutos (USA) (Proto).png"
"Named_Titles","Pole Position II (Europe)","https://raw.githubusercontent.com/libretro-thumbnails/Atari_-_7800/refs/heads/master/Named_Titles/Pole Position II (Europe).png"
"Named_Titles","Pole Position II (USA) (Beta)","https://raw.githubusercontent.com/libretro-thumbnails/Atari_-_7800/refs/heads/master/Named_Titles/Pole Position II (USA) (Beta).png"
"Named_Titles","Pole Position II (USA)","https://raw.githubusercontent.com/libretro-thumbnails/Atari_-_7800/refs/heads/master/Named_Titles/Pole Position II (USA).png"
"Named_Titles","Rampage (USA)","https://raw.githubusercontent.com/libretro-thumbnails/Atari_-_7800/refs/heads/master/Named_Titles/Rampage (USA).png"
"Named_Titles","Rampart (USA) (Proto)","https://raw.githubusercontent.com/libretro-thumbnails/Atari_-_7800/refs/heads/master/Named_Titles/Rampart (USA) (Proto).png"
"Named_Titles","RealSports Baseball (USA)","https://raw.githubusercontent.com/libretro-thumbnails/Atari_-_7800/refs/heads/master/Named_Titles/RealSports Baseball (USA).png"
"Named_Titles","Rescue on Fractalus (USA) (Proto)","https://raw.githubusercontent.com/libretro-thumbnails/Atari_-_7800/refs/heads/master/Named_Titles/Rescue on Fractalus (USA) (Proto).png"
"Named_Titles","Rikki _ Vikki (World) (Aftermarket) (Unl)","https://raw.githubusercontent.com/libretro-thumbnails/Atari_-_7800/refs/heads/master/Named_Titles/Rikki _ Vikki (World) (Aftermarket) (Unl).png"
"Named_Titles","Robotron - 2084 (USA)","https://raw.githubusercontent.com/libretro-thumbnails/Atari_-_7800/refs/heads/master/Named_Titles/Robotron - 2084 (USA).png"
"Named_Titles","Scrapyard Dog (Europe)","https://raw.githubusercontent.com/libretro-thumbnails/Atari_-_7800/refs/heads/master/Named_Titles/Scrapyard Dog (Europe).png"
"Named_Titles","Scrapyard Dog (USA)","https://raw.githubusercontent.com/libretro-thumbnails/Atari_-_7800/refs/heads/master/Named_Titles/Scrapyard Dog (USA).png"
"Named_Titles","Sentinel (Europe)","https://raw.githubusercontent.com/libretro-thumbnails/Atari_-_7800/refs/heads/master/Named_Titles/Sentinel (Europe).png"
"Named_Titles","Sentinel (USA) (Proto)","https://raw.githubusercontent.com/libretro-thumbnails/Atari_-_7800/refs/heads/master/Named_Titles/Sentinel (USA) (Proto).png"
"Named_Titles","Sirius (USA) (Proto)","https://raw.githubusercontent.com/libretro-thumbnails/Atari_-_7800/refs/heads/master/Named_Titles/Sirius (USA) (Proto).png"
"Named_Titles","Summer Games (USA)","https://raw.githubusercontent.com/libretro-thumbnails/Atari_-_7800/refs/heads/master/Named_Titles/Summer Games (USA).png"
"Named_Titles","Super Huey UH-IX (Europe)","https://raw.githubusercontent.com/libretro-thumbnails/Atari_-_7800/refs/heads/master/Named_Titles/Super Huey UH-IX (Europe).png"
"Named_Titles","Super Huey UH-IX (USA)","https://raw.githubusercontent.com/libretro-thumbnails/Atari_-_7800/refs/heads/master/Named_Titles/Super Huey UH-IX (USA).png"
"Named_Titles","Super Skateboardin' (Europe)","https://raw.githubusercontent.com/libretro-thumbnails/Atari_-_7800/refs/heads/master/Named_Titles/Super Skateboardin' (Europe).png"
"Named_Titles","Super Skateboardin' (USA)","https://raw.githubusercontent.com/libretro-thumbnails/Atari_-_7800/refs/heads/master/Named_Titles/Super Skateboardin' (USA).png"
"Named_Titles","Tank Command (USA)","https://raw.githubusercontent.com/libretro-thumbnails/Atari_-_7800/refs/heads/master/Named_Titles/Tank Command (USA).png"
"Named_Titles","Title Match Pro Wrestling (Europe)","https://raw.githubusercontent.com/libretro-thumbnails/Atari_-_7800/refs/heads/master/Named_Titles/Title Match Pro Wrestling (Europe).png"
"Named_Titles","Title Match Pro Wrestling (USA)","https://raw.githubusercontent.com/libretro-thumbnails/Atari_-_7800/refs/heads/master/Named_Titles/Title Match Pro Wrestling (USA).png"
"Named_Titles","Tomcat - The F-14 Fighter Simulator (Europe)","https://raw.githubusercontent.com/libretro-thumbnails/Atari_-_7800/refs/heads/master/Named_Titles/Tomcat - The F-14 Fighter Simulator (Europe).png"
"Named_Titles","Tomcat - The F-14 Fighter Simulator (USA)","https://raw.githubusercontent.com/libretro-thumbnails/Atari_-_7800/refs/heads/master/Named_Titles/Tomcat - The F-14 Fighter Simulator (USA).png"
"Named_Titles","Touchdown Football (USA)","https://raw.githubusercontent.com/libretro-thumbnails/Atari_-_7800/refs/heads/master/Named_Titles/Touchdown Football (USA).png"
"Named_Titles","Tower Toppler (Europe)","https://raw.githubusercontent.com/libretro-thumbnails/Atari_-_7800/refs/heads/master/Named_Titles/Tower Toppler (Europe).png"
"Named_Titles","Tower Toppler (USA)","https://raw.githubusercontent.com/libretro-thumbnails/Atari_-_7800/refs/heads/master/Named_Titles/Tower Toppler (USA).png"
"Named_Titles","Water Ski (USA)","https://raw.githubusercontent.com/libretro-thumbnails/Atari_-_7800/refs/heads/master/Named_Titles/Water Ski (USA).png"
"Named_Titles","Winter Games (USA)","https://raw.githubusercontent.com/libretro-thumbnails/Atari_-_7800/refs/heads/master/Named_Titles/Winter Games (USA).png"
"Named_Titles","Xenophobe (Europe)","https://raw.githubusercontent.com/libretro-thumbnails/Atari_-_7800/refs/heads/master/Named_Titles/Xenophobe (Europe).png"
"Named_Titles","Xenophobe (USA)","https://raw.githubusercontent.com/libretro-thumbnails/Atari_-_7800/refs/heads/master/Named_Titles/Xenophobe (USA).png"
"Named_Titles","Xevious (Europe)","https://raw.githubusercontent.com/libretro-thumbnails/Atari_-_7800/refs/heads/master/Named_Titles/Xevious (Europe).png"
"Named_Titles","Xevious (USA) (Beta)","https://raw.githubusercontent.com/libretro-thumbnails/Atari_-_7800/refs/heads/master/Named_Titles/Xevious (USA) (Beta).png"
"Named_Titles","Xevious (USA)","https://raw.githubusercontent.com/libretro-thumbnails/Atari_-_7800/refs/heads/master/Named_Titles/Xevious (USA).png"
