"Named_Boxarts","Alchemist Marie _ Elie - Futari no Atelier (Japan)","https://raw.githubusercontent.com/libretro-thumbnails/Bandai_-_WonderSwan_Color/refs/heads/master/Named_Boxarts/Alchemist Marie _ Elie - Futari no Atelier (Japan).png"
"Named_Boxarts","Another Heaven - Memory of those Days (Japan)","https://raw.githubusercontent.com/libretro-thumbnails/Bandai_-_WonderSwan_Color/refs/heads/master/Named_Boxarts/Another Heaven - Memory of those Days (Japan).png"
"Named_Boxarts","Arc the Lad - Kishin Fukkatsu (Japan)","https://raw.githubusercontent.com/libretro-thumbnails/Bandai_-_WonderSwan_Color/refs/heads/master/Named_Boxarts/Arc the Lad - Kishin Fukkatsu (Japan).png"
"Named_Boxarts","Battle Spirit - Digimon Frontier (Japan) (Rev 1)","https://raw.githubusercontent.com/libretro-thumbnails/Bandai_-_WonderSwan_Color/refs/heads/master/Named_Boxarts/Battle Spirit - Digimon Frontier (Japan) (Rev 1).png"
"Named_Boxarts","Blue Wing Blitz (Japan)","https://raw.githubusercontent.com/libretro-thumbnails/Bandai_-_WonderSwan_Color/refs/heads/master/Named_Boxarts/Blue Wing Blitz (Japan).png"
"Named_Boxarts","Dark Eyes - Battle Gate (Japan)","https://raw.githubusercontent.com/libretro-thumbnails/Bandai_-_WonderSwan_Color/refs/heads/master/Named_Boxarts/Dark Eyes - Battle Gate (Japan).png"
"Named_Boxarts","Dicing Knight. (Japan)","https://raw.githubusercontent.com/libretro-thumbnails/Bandai_-_WonderSwan_Color/refs/heads/master/Named_Boxarts/Dicing Knight. (Japan).png"
"Named_Boxarts","Digimon - Anode Tamer _ Cathode Tamer - Veedramon Version (Hong Kong) (En)","https://raw.githubusercontent.com/libretro-thumbnails/Bandai_-_WonderSwan_Color/refs/heads/master/Named_Boxarts/Digimon - Anode Tamer _ Cathode Tamer - Veedramon Version (Hong Kong) (En).png"
"Named_Boxarts","Digimon Adventure 02 - D1 Tamers (Japan) (Rev 1)","https://raw.githubusercontent.com/libretro-thumbnails/Bandai_-_WonderSwan_Color/refs/heads/master/Named_Boxarts/Digimon Adventure 02 - D1 Tamers (Japan) (Rev 1).png"
"Named_Boxarts","Digimon Adventure 02 - D1 Tamers (Japan)","https://raw.githubusercontent.com/libretro-thumbnails/Bandai_-_WonderSwan_Color/refs/heads/master/Named_Boxarts/Digimon Adventure 02 - D1 Tamers (Japan).png"
"Named_Boxarts","Digimon Tamers - Battle Spirit (Japan, Korea) (En,Ja)","https://raw.githubusercontent.com/libretro-thumbnails/Bandai_-_WonderSwan_Color/refs/heads/master/Named_Boxarts/Digimon Tamers - Battle Spirit (Japan, Korea) (En,Ja).png"
"Named_Boxarts","Digimon Tamers - Battle Spirit Ver. 1.5 (Japan)","https://raw.githubusercontent.com/libretro-thumbnails/Bandai_-_WonderSwan_Color/refs/heads/master/Named_Boxarts/Digimon Tamers - Battle Spirit Ver. 1.5 (Japan).png"
"Named_Boxarts","Digimon Tamers - Brave Tamer (Japan) (Rev 1)","https://raw.githubusercontent.com/libretro-thumbnails/Bandai_-_WonderSwan_Color/refs/heads/master/Named_Boxarts/Digimon Tamers - Brave Tamer (Japan) (Rev 1).png"
"Named_Boxarts","Digimon Tamers - Digimon Medley (Japan) (Rev 1)","https://raw.githubusercontent.com/libretro-thumbnails/Bandai_-_WonderSwan_Color/refs/heads/master/Named_Boxarts/Digimon Tamers - Digimon Medley (Japan) (Rev 1).png"
"Named_Boxarts","Digimon Tamers - Digimon Medley (Japan)","https://raw.githubusercontent.com/libretro-thumbnails/Bandai_-_WonderSwan_Color/refs/heads/master/Named_Boxarts/Digimon Tamers - Digimon Medley (Japan).png"
"Named_Boxarts","Digital Monster - D-Project (Japan) (Rev 1)","https://raw.githubusercontent.com/libretro-thumbnails/Bandai_-_WonderSwan_Color/refs/heads/master/Named_Boxarts/Digital Monster - D-Project (Japan) (Rev 1).png"
"Named_Boxarts","Digital Monster - D-Project (Japan) (Rev 2)","https://raw.githubusercontent.com/libretro-thumbnails/Bandai_-_WonderSwan_Color/refs/heads/master/Named_Boxarts/Digital Monster - D-Project (Japan) (Rev 2).png"
"Named_Boxarts","Digital Monster - D-Project (Japan)","https://raw.githubusercontent.com/libretro-thumbnails/Bandai_-_WonderSwan_Color/refs/heads/master/Named_Boxarts/Digital Monster - D-Project (Japan).png"
"Named_Boxarts","Digital Monster Card Game - Ver. WonderSwan Color (Japan) (Rev 2)","https://raw.githubusercontent.com/libretro-thumbnails/Bandai_-_WonderSwan_Color/refs/heads/master/Named_Boxarts/Digital Monster Card Game - Ver. WonderSwan Color (Japan) (Rev 2).png"
"Named_Boxarts","Digital Monster Card Game - Ver. WonderSwan Color (Japan)","https://raw.githubusercontent.com/libretro-thumbnails/Bandai_-_WonderSwan_Color/refs/heads/master/Named_Boxarts/Digital Monster Card Game - Ver. WonderSwan Color (Japan).png"
"Named_Boxarts","Dokodemo Hamster 3 - Odekake Saffron (Japan) (Rev 2)","https://raw.githubusercontent.com/libretro-thumbnails/Bandai_-_WonderSwan_Color/refs/heads/master/Named_Boxarts/Dokodemo Hamster 3 - Odekake Saffron (Japan) (Rev 2).png"
"Named_Boxarts","Dragon Ball (Japan)","https://raw.githubusercontent.com/libretro-thumbnails/Bandai_-_WonderSwan_Color/refs/heads/master/Named_Boxarts/Dragon Ball (Japan).png"
"Named_Boxarts","Final Fantasy (Japan)","https://raw.githubusercontent.com/libretro-thumbnails/Bandai_-_WonderSwan_Color/refs/heads/master/Named_Boxarts/Final Fantasy (Japan).png"
"Named_Boxarts","Final Fantasy II (Japan)","https://raw.githubusercontent.com/libretro-thumbnails/Bandai_-_WonderSwan_Color/refs/heads/master/Named_Boxarts/Final Fantasy II (Japan).png"
"Named_Boxarts","Final Fantasy IV (Japan)","https://raw.githubusercontent.com/libretro-thumbnails/Bandai_-_WonderSwan_Color/refs/heads/master/Named_Boxarts/Final Fantasy IV (Japan).png"
"Named_Boxarts","Final Lap Special - GT _ Formula Machine (Japan)","https://raw.githubusercontent.com/libretro-thumbnails/Bandai_-_WonderSwan_Color/refs/heads/master/Named_Boxarts/Final Lap Special - GT _ Formula Machine (Japan).png"
"Named_Boxarts","Flash Koibito-kun (Japan)","https://raw.githubusercontent.com/libretro-thumbnails/Bandai_-_WonderSwan_Color/refs/heads/master/Named_Boxarts/Flash Koibito-kun (Japan).png"
"Named_Boxarts","Flash Masta Firmware (USA) (2016-05-13)","https://raw.githubusercontent.com/libretro-thumbnails/Bandai_-_WonderSwan_Color/refs/heads/master/Named_Boxarts/Flash Masta Firmware (USA) (2016-05-13).png"
"Named_Boxarts","Flash Masta Firmware (USA) (2016-08-29) (Unl)","https://raw.githubusercontent.com/libretro-thumbnails/Bandai_-_WonderSwan_Color/refs/heads/master/Named_Boxarts/Flash Masta Firmware (USA) (2016-08-29) (Unl).png"
"Named_Boxarts","From TV Animation One Piece - Chopper no Daibouken (Japan)","https://raw.githubusercontent.com/libretro-thumbnails/Bandai_-_WonderSwan_Color/refs/heads/master/Named_Boxarts/From TV Animation One Piece - Chopper no Daibouken (Japan).png"
"Named_Boxarts","From TV Animation One Piece - Grand Battle Swan Colosseum (Japan)","https://raw.githubusercontent.com/libretro-thumbnails/Bandai_-_WonderSwan_Color/refs/heads/master/Named_Boxarts/From TV Animation One Piece - Grand Battle Swan Colosseum (Japan).png"
"Named_Boxarts","From TV Animation One Piece - Niji no Shima Densetsu (Japan)","https://raw.githubusercontent.com/libretro-thumbnails/Bandai_-_WonderSwan_Color/refs/heads/master/Named_Boxarts/From TV Animation One Piece - Niji no Shima Densetsu (Japan).png"
"Named_Boxarts","From TV Animation One Piece - Treasure Wars (Japan) (Rev 1)","https://raw.githubusercontent.com/libretro-thumbnails/Bandai_-_WonderSwan_Color/refs/heads/master/Named_Boxarts/From TV Animation One Piece - Treasure Wars (Japan) (Rev 1).png"
"Named_Boxarts","From TV Animation One Piece - Treasure Wars (Japan)","https://raw.githubusercontent.com/libretro-thumbnails/Bandai_-_WonderSwan_Color/refs/heads/master/Named_Boxarts/From TV Animation One Piece - Treasure Wars (Japan).png"
"Named_Boxarts","From TV Animation One Piece - Treasure Wars 2 - Buggy Land e Youkoso (Japan)","https://raw.githubusercontent.com/libretro-thumbnails/Bandai_-_WonderSwan_Color/refs/heads/master/Named_Boxarts/From TV Animation One Piece - Treasure Wars 2 - Buggy Land e Youkoso (Japan).png"
"Named_Boxarts","Front Mission (Japan)","https://raw.githubusercontent.com/libretro-thumbnails/Bandai_-_WonderSwan_Color/refs/heads/master/Named_Boxarts/Front Mission (Japan).png"
"Named_Boxarts","Gekitou! Crash Gear Turbo - Gear Champion League (Japan)","https://raw.githubusercontent.com/libretro-thumbnails/Bandai_-_WonderSwan_Color/refs/heads/master/Named_Boxarts/Gekitou! Crash Gear Turbo - Gear Champion League (Japan).png"
"Named_Boxarts","Gensou Maden Saiyuuki Retribution - Hi no Ataru Basho de (Japan) (Rev 2)","https://raw.githubusercontent.com/libretro-thumbnails/Bandai_-_WonderSwan_Color/refs/heads/master/Named_Boxarts/Gensou Maden Saiyuuki Retribution - Hi no Ataru Basho de (Japan) (Rev 2).png"
"Named_Boxarts","Golden Axe (Japan)","https://raw.githubusercontent.com/libretro-thumbnails/Bandai_-_WonderSwan_Color/refs/heads/master/Named_Boxarts/Golden Axe (Japan).png"
"Named_Boxarts","Gransta Chronicle (Japan)","https://raw.githubusercontent.com/libretro-thumbnails/Bandai_-_WonderSwan_Color/refs/heads/master/Named_Boxarts/Gransta Chronicle (Japan).png"
"Named_Boxarts","Guilty Gear Petit (Japan)","https://raw.githubusercontent.com/libretro-thumbnails/Bandai_-_WonderSwan_Color/refs/heads/master/Named_Boxarts/Guilty Gear Petit (Japan).png"
"Named_Boxarts","Guilty Gear Petit 2 (Japan)","https://raw.githubusercontent.com/libretro-thumbnails/Bandai_-_WonderSwan_Color/refs/heads/master/Named_Boxarts/Guilty Gear Petit 2 (Japan).png"
"Named_Boxarts","GunPey EX (Japan)","https://raw.githubusercontent.com/libretro-thumbnails/Bandai_-_WonderSwan_Color/refs/heads/master/Named_Boxarts/GunPey EX (Japan).png"
"Named_Boxarts","Hanjuku Hero - Ah, Sekai yo Hanjuku Nare...!! (Japan) (Rev 1)","https://raw.githubusercontent.com/libretro-thumbnails/Bandai_-_WonderSwan_Color/refs/heads/master/Named_Boxarts/Hanjuku Hero - Ah, Sekai yo Hanjuku Nare...!! (Japan) (Rev 1).png"
"Named_Boxarts","Hataraku Chocobo (Japan)","https://raw.githubusercontent.com/libretro-thumbnails/Bandai_-_WonderSwan_Color/refs/heads/master/Named_Boxarts/Hataraku Chocobo (Japan).png"
"Named_Boxarts","Hunter X Hunter - Greed Island (Japan) (Rev 1)","https://raw.githubusercontent.com/libretro-thumbnails/Bandai_-_WonderSwan_Color/refs/heads/master/Named_Boxarts/Hunter X Hunter - Greed Island (Japan) (Rev 1).png"
"Named_Boxarts","Hunter X Hunter - Greed Island (Japan)","https://raw.githubusercontent.com/libretro-thumbnails/Bandai_-_WonderSwan_Color/refs/heads/master/Named_Boxarts/Hunter X Hunter - Greed Island (Japan).png"
"Named_Boxarts","Hunter X Hunter - Michibikareshi Mono (Japan)","https://raw.githubusercontent.com/libretro-thumbnails/Bandai_-_WonderSwan_Color/refs/heads/master/Named_Boxarts/Hunter X Hunter - Michibikareshi Mono (Japan).png"
"Named_Boxarts","Hunter X Hunter - Sorezore no Ketsui (Japan)","https://raw.githubusercontent.com/libretro-thumbnails/Bandai_-_WonderSwan_Color/refs/heads/master/Named_Boxarts/Hunter X Hunter - Sorezore no Ketsui (Japan).png"
"Named_Boxarts","Inuyasha - Fuuun Emaki (Japan)","https://raw.githubusercontent.com/libretro-thumbnails/Bandai_-_WonderSwan_Color/refs/heads/master/Named_Boxarts/Inuyasha - Fuuun Emaki (Japan).png"
"Named_Boxarts","Inuyasha - Kagome no Sengoku Nikki (Japan)","https://raw.githubusercontent.com/libretro-thumbnails/Bandai_-_WonderSwan_Color/refs/heads/master/Named_Boxarts/Inuyasha - Kagome no Sengoku Nikki (Japan).png"
"Named_Boxarts","Inuyasha - Kagome no Yume Nikki (Japan)","https://raw.githubusercontent.com/libretro-thumbnails/Bandai_-_WonderSwan_Color/refs/heads/master/Named_Boxarts/Inuyasha - Kagome no Yume Nikki (Japan).png"
"Named_Boxarts","Judgement Silversword - Rebirth Edition (Japan) (Rev 4321)","https://raw.githubusercontent.com/libretro-thumbnails/Bandai_-_WonderSwan_Color/refs/heads/master/Named_Boxarts/Judgement Silversword - Rebirth Edition (Japan) (Rev 4321).png"
"Named_Boxarts","Judgement Silversword - Rebirth Edition (Japan) (Rev 5C21)","https://raw.githubusercontent.com/libretro-thumbnails/Bandai_-_WonderSwan_Color/refs/heads/master/Named_Boxarts/Judgement Silversword - Rebirth Edition (Japan) (Rev 5C21).png"
"Named_Boxarts","Kidou Senshi Gundam - Giren no Yabou - Tokubetsu Hen - Aoki Hoshi no Hasha (Japan)","https://raw.githubusercontent.com/libretro-thumbnails/Bandai_-_WonderSwan_Color/refs/heads/master/Named_Boxarts/Kidou Senshi Gundam - Giren no Yabou - Tokubetsu Hen - Aoki Hoshi no Hasha (Japan).png"
"Named_Boxarts","Kidou Senshi Gundam Seed (Japan)","https://raw.githubusercontent.com/libretro-thumbnails/Bandai_-_WonderSwan_Color/refs/heads/master/Named_Boxarts/Kidou Senshi Gundam Seed (Japan).png"
"Named_Boxarts","Kidou Senshi Gundam Vol. 1 - Side 7 (Japan)","https://raw.githubusercontent.com/libretro-thumbnails/Bandai_-_WonderSwan_Color/refs/heads/master/Named_Boxarts/Kidou Senshi Gundam Vol. 1 - Side 7 (Japan).png"
"Named_Boxarts","Kidou Senshi Gundam Vol. 2 - Jaburo (Japan)","https://raw.githubusercontent.com/libretro-thumbnails/Bandai_-_WonderSwan_Color/refs/heads/master/Named_Boxarts/Kidou Senshi Gundam Vol. 2 - Jaburo (Japan).png"
"Named_Boxarts","Kidou Senshi Gundam Vol. 3 - A Baoa Qu (Japan)","https://raw.githubusercontent.com/libretro-thumbnails/Bandai_-_WonderSwan_Color/refs/heads/master/Named_Boxarts/Kidou Senshi Gundam Vol. 3 - A Baoa Qu (Japan).png"
"Named_Boxarts","Kinnikuman II-Sei - Choujin Seisenshi (Japan)","https://raw.githubusercontent.com/libretro-thumbnails/Bandai_-_WonderSwan_Color/refs/heads/master/Named_Boxarts/Kinnikuman II-Sei - Choujin Seisenshi (Japan).png"
"Named_Boxarts","Kinnikuman II-Sei - Dream Tag Match (Japan)","https://raw.githubusercontent.com/libretro-thumbnails/Bandai_-_WonderSwan_Color/refs/heads/master/Named_Boxarts/Kinnikuman II-Sei - Dream Tag Match (Japan).png"
"Named_Boxarts","Kurupara! (Japan) (Rev 1)","https://raw.githubusercontent.com/libretro-thumbnails/Bandai_-_WonderSwan_Color/refs/heads/master/Named_Boxarts/Kurupara! (Japan) (Rev 1).png"
"Named_Boxarts","Last Alive (Japan)","https://raw.githubusercontent.com/libretro-thumbnails/Bandai_-_WonderSwan_Color/refs/heads/master/Named_Boxarts/Last Alive (Japan).png"
"Named_Boxarts","Makai Toushi Sa-Ga (Japan)","https://raw.githubusercontent.com/libretro-thumbnails/Bandai_-_WonderSwan_Color/refs/heads/master/Named_Boxarts/Makai Toushi Sa-Ga (Japan).png"
"Named_Boxarts","Meitantei Conan - Yuugure no Oujo (Japan)","https://raw.githubusercontent.com/libretro-thumbnails/Bandai_-_WonderSwan_Color/refs/heads/master/Named_Boxarts/Meitantei Conan - Yuugure no Oujo (Japan).png"
"Named_Boxarts","Memories Off - Festa (Japan)","https://raw.githubusercontent.com/libretro-thumbnails/Bandai_-_WonderSwan_Color/refs/heads/master/Named_Boxarts/Memories Off - Festa (Japan).png"
"Named_Boxarts","Mikeneko Holmes - Ghost Panic (Japan)","https://raw.githubusercontent.com/libretro-thumbnails/Bandai_-_WonderSwan_Color/refs/heads/master/Named_Boxarts/Mikeneko Holmes - Ghost Panic (Japan).png"
"Named_Boxarts","Mr. Driller (Japan)","https://raw.githubusercontent.com/libretro-thumbnails/Bandai_-_WonderSwan_Color/refs/heads/master/Named_Boxarts/Mr. Driller (Japan).png"
"Named_Boxarts","Namco Super Wars (Japan)","https://raw.githubusercontent.com/libretro-thumbnails/Bandai_-_WonderSwan_Color/refs/heads/master/Named_Boxarts/Namco Super Wars (Japan).png"
"Named_Boxarts","Naruto - Konoha Ninpouchou (Japan)","https://raw.githubusercontent.com/libretro-thumbnails/Bandai_-_WonderSwan_Color/refs/heads/master/Named_Boxarts/Naruto - Konoha Ninpouchou (Japan).png"
"Named_Boxarts","Pocket no Naka no Doraemon (Japan)","https://raw.githubusercontent.com/libretro-thumbnails/Bandai_-_WonderSwan_Color/refs/heads/master/Named_Boxarts/Pocket no Naka no Doraemon (Japan).png"
"Named_Boxarts","RUN=DIM - Return to Earth (Japan)","https://raw.githubusercontent.com/libretro-thumbnails/Bandai_-_WonderSwan_Color/refs/heads/master/Named_Boxarts/RUN=DIM - Return to Earth (Japan).png"
"Named_Boxarts","Raku Jongg (Japan)","https://raw.githubusercontent.com/libretro-thumbnails/Bandai_-_WonderSwan_Color/refs/heads/master/Named_Boxarts/Raku Jongg (Japan).png"
"Named_Boxarts","Rhyme Rider Kerorican (Japan)","https://raw.githubusercontent.com/libretro-thumbnails/Bandai_-_WonderSwan_Color/refs/heads/master/Named_Boxarts/Rhyme Rider Kerorican (Japan).png"
"Named_Boxarts","Riviera - Yakusoku no Chi Riviera (Japan)","https://raw.githubusercontent.com/libretro-thumbnails/Bandai_-_WonderSwan_Color/refs/heads/master/Named_Boxarts/Riviera - Yakusoku no Chi Riviera (Japan).png"
"Named_Boxarts","Rockman EXE - N1 Battle (Japan) (Rev 1)","https://raw.githubusercontent.com/libretro-thumbnails/Bandai_-_WonderSwan_Color/refs/heads/master/Named_Boxarts/Rockman EXE - N1 Battle (Japan) (Rev 1).png"
"Named_Boxarts","Rockman EXE WS (Japan)","https://raw.githubusercontent.com/libretro-thumbnails/Bandai_-_WonderSwan_Color/refs/heads/master/Named_Boxarts/Rockman EXE WS (Japan).png"
"Named_Boxarts","Romancing Sa-Ga (Japan)","https://raw.githubusercontent.com/libretro-thumbnails/Bandai_-_WonderSwan_Color/refs/heads/master/Named_Boxarts/Romancing Sa-Ga (Japan).png"
"Named_Boxarts","SD Gundam - Operation U.C. (Japan)","https://raw.githubusercontent.com/libretro-thumbnails/Bandai_-_WonderSwan_Color/refs/heads/master/Named_Boxarts/SD Gundam - Operation U.C. (Japan).png"
"Named_Boxarts","SD Gundam Eiyuu Den - Kishi Densetsu (Japan)","https://raw.githubusercontent.com/libretro-thumbnails/Bandai_-_WonderSwan_Color/refs/heads/master/Named_Boxarts/SD Gundam Eiyuu Den - Kishi Densetsu (Japan).png"
"Named_Boxarts","SD Gundam Eiyuu Den - Musha Densetsu (Japan)","https://raw.githubusercontent.com/libretro-thumbnails/Bandai_-_WonderSwan_Color/refs/heads/master/Named_Boxarts/SD Gundam Eiyuu Den - Musha Densetsu (Japan).png"
"Named_Boxarts","SD Gundam G Generation - Gather Beat 2 (Japan)","https://raw.githubusercontent.com/libretro-thumbnails/Bandai_-_WonderSwan_Color/refs/heads/master/Named_Boxarts/SD Gundam G Generation - Gather Beat 2 (Japan).png"
"Named_Boxarts","SD Gundam G Generation - Mono-Eye Gundams (Japan) (Rev 2)","https://raw.githubusercontent.com/libretro-thumbnails/Bandai_-_WonderSwan_Color/refs/heads/master/Named_Boxarts/SD Gundam G Generation - Mono-Eye Gundams (Japan) (Rev 2).png"
"Named_Boxarts","SD Gundam G Generation - Mono-Eye Gundams (Japan)","https://raw.githubusercontent.com/libretro-thumbnails/Bandai_-_WonderSwan_Color/refs/heads/master/Named_Boxarts/SD Gundam G Generation - Mono-Eye Gundams (Japan).png"
"Named_Boxarts","Saint Seiya - Ougon Densetsu Hen - Perfect Edition (Japan)","https://raw.githubusercontent.com/libretro-thumbnails/Bandai_-_WonderSwan_Color/refs/heads/master/Named_Boxarts/Saint Seiya - Ougon Densetsu Hen - Perfect Edition (Japan).png"
"Named_Boxarts","Senkaiden Ni - TV Animation Senkaiden Houshin Engi Yori (Japan)","https://raw.githubusercontent.com/libretro-thumbnails/Bandai_-_WonderSwan_Color/refs/heads/master/Named_Boxarts/Senkaiden Ni - TV Animation Senkaiden Houshin Engi Yori (Japan).png"
"Named_Boxarts","Shaman King - Asu e no Ishi (Japan) (Rev 1)","https://raw.githubusercontent.com/libretro-thumbnails/Bandai_-_WonderSwan_Color/refs/heads/master/Named_Boxarts/Shaman King - Asu e no Ishi (Japan) (Rev 1).png"
"Named_Boxarts","Shaman King - Asu e no Ishi (Japan)","https://raw.githubusercontent.com/libretro-thumbnails/Bandai_-_WonderSwan_Color/refs/heads/master/Named_Boxarts/Shaman King - Asu e no Ishi (Japan).png"
"Named_Boxarts","Sorobang (Japan) (Rev 1)","https://raw.githubusercontent.com/libretro-thumbnails/Bandai_-_WonderSwan_Color/refs/heads/master/Named_Boxarts/Sorobang (Japan) (Rev 1).png"
"Named_Boxarts","Star Hearts - Hoshi to Daichi no Shisha (Japan)","https://raw.githubusercontent.com/libretro-thumbnails/Bandai_-_WonderSwan_Color/refs/heads/master/Named_Boxarts/Star Hearts - Hoshi to Daichi no Shisha (Japan).png"
"Named_Boxarts","Star Hearts - Hoshi to Daichi no Shisha - Taikenban (Japan) (Not For Sale)","https://raw.githubusercontent.com/libretro-thumbnails/Bandai_-_WonderSwan_Color/refs/heads/master/Named_Boxarts/Star Hearts - Hoshi to Daichi no Shisha - Taikenban (Japan) (Not For Sale).png"
"Named_Boxarts","Super Robot Taisen Compact 3 (Japan) (Rev 5)","https://raw.githubusercontent.com/libretro-thumbnails/Bandai_-_WonderSwan_Color/refs/heads/master/Named_Boxarts/Super Robot Taisen Compact 3 (Japan) (Rev 5).png"
"Named_Boxarts","Super Robot Taisen Compact 3 (Japan) (Rev 6)","https://raw.githubusercontent.com/libretro-thumbnails/Bandai_-_WonderSwan_Color/refs/heads/master/Named_Boxarts/Super Robot Taisen Compact 3 (Japan) (Rev 6).png"
"Named_Boxarts","Super Robot Taisen Compact for WonderSwan Color (Japan)","https://raw.githubusercontent.com/libretro-thumbnails/Bandai_-_WonderSwan_Color/refs/heads/master/Named_Boxarts/Super Robot Taisen Compact for WonderSwan Color (Japan).png"
"Named_Boxarts","Terrors 2 (Japan)","https://raw.githubusercontent.com/libretro-thumbnails/Bandai_-_WonderSwan_Color/refs/heads/master/Named_Boxarts/Terrors 2 (Japan).png"
"Named_Boxarts","Tetris (Japan)","https://raw.githubusercontent.com/libretro-thumbnails/Bandai_-_WonderSwan_Color/refs/heads/master/Named_Boxarts/Tetris (Japan).png"
"Named_Boxarts","Tonpuusou (Japan)","https://raw.githubusercontent.com/libretro-thumbnails/Bandai_-_WonderSwan_Color/refs/heads/master/Named_Boxarts/Tonpuusou (Japan).png"
"Named_Boxarts","Uchuu Senkan Yamato (Japan)","https://raw.githubusercontent.com/libretro-thumbnails/Bandai_-_WonderSwan_Color/refs/heads/master/Named_Boxarts/Uchuu Senkan Yamato (Japan).png"
"Named_Boxarts","Ultraman - Hikari no Kuni no Shisha (Japan)","https://raw.githubusercontent.com/libretro-thumbnails/Bandai_-_WonderSwan_Color/refs/heads/master/Named_Boxarts/Ultraman - Hikari no Kuni no Shisha (Japan).png"
"Named_Boxarts","Wild Card (Japan)","https://raw.githubusercontent.com/libretro-thumbnails/Bandai_-_WonderSwan_Color/refs/heads/master/Named_Boxarts/Wild Card (Japan).png"
"Named_Boxarts","With You - Mitsumete Itai (Japan)","https://raw.githubusercontent.com/libretro-thumbnails/Bandai_-_WonderSwan_Color/refs/heads/master/Named_Boxarts/With You - Mitsumete Itai (Japan).png"
"Named_Boxarts","Wizardry Scenario 1 - Proving Grounds of the Mad Overlord (Japan)","https://raw.githubusercontent.com/libretro-thumbnails/Bandai_-_WonderSwan_Color/refs/heads/master/Named_Boxarts/Wizardry Scenario 1 - Proving Grounds of the Mad Overlord (Japan).png"
"Named_Boxarts","Wonder Classic (Japan)","https://raw.githubusercontent.com/libretro-thumbnails/Bandai_-_WonderSwan_Color/refs/heads/master/Named_Boxarts/Wonder Classic (Japan).png"
"Named_Boxarts","X - Card of Fate (Japan)","https://raw.githubusercontent.com/libretro-thumbnails/Bandai_-_WonderSwan_Color/refs/heads/master/Named_Boxarts/X - Card of Fate (Japan).png"
"Named_Boxarts","XI Little (Japan)","https://raw.githubusercontent.com/libretro-thumbnails/Bandai_-_WonderSwan_Color/refs/heads/master/Named_Boxarts/XI Little (Japan).png"
"Named_Logos","Alchemist Marie _ Elie - Futari no Atelier (Japan)","https://raw.githubusercontent.com/libretro-thumbnails/Bandai_-_WonderSwan_Color/refs/heads/master/Named_Logos/Alchemist Marie _ Elie - Futari no Atelier (Japan).png"
"Named_Logos","Another Heaven - Memory of those Days (Japan)","https://raw.githubusercontent.com/libretro-thumbnails/Bandai_-_WonderSwan_Color/refs/heads/master/Named_Logos/Another Heaven - Memory of those Days (Japan).png"
"Named_Logos","Arc the Lad - Kishin Fukkatsu (Japan)","https://raw.githubusercontent.com/libretro-thumbnails/Bandai_-_WonderSwan_Color/refs/heads/master/Named_Logos/Arc the Lad - Kishin Fukkatsu (Japan).png"
"Named_Logos","Blue Wing Blitz (Japan)","https://raw.githubusercontent.com/libretro-thumbnails/Bandai_-_WonderSwan_Color/refs/heads/master/Named_Logos/Blue Wing Blitz (Japan).png"
"Named_Logos","Dark Eyes - Battle Gate (Japan)","https://raw.githubusercontent.com/libretro-thumbnails/Bandai_-_WonderSwan_Color/refs/heads/master/Named_Logos/Dark Eyes - Battle Gate (Japan).png"
"Named_Logos","Dicing Knight. (Japan)","https://raw.githubusercontent.com/libretro-thumbnails/Bandai_-_WonderSwan_Color/refs/heads/master/Named_Logos/Dicing Knight. (Japan).png"
"Named_Logos","Digimon Adventure 02 - D1 Tamers (Japan) (Rev 1)","https://raw.githubusercontent.com/libretro-thumbnails/Bandai_-_WonderSwan_Color/refs/heads/master/Named_Logos/Digimon Adventure 02 - D1 Tamers (Japan) (Rev 1).png"
"Named_Logos","Digimon Adventure 02 - D1 Tamers (Japan)","https://raw.githubusercontent.com/libretro-thumbnails/Bandai_-_WonderSwan_Color/refs/heads/master/Named_Logos/Digimon Adventure 02 - D1 Tamers (Japan).png"
"Named_Logos","Digimon Tamers - Battle Spirit (Japan, Korea) (En,Ja)","https://raw.githubusercontent.com/libretro-thumbnails/Bandai_-_WonderSwan_Color/refs/heads/master/Named_Logos/Digimon Tamers - Battle Spirit (Japan, Korea) (En,Ja).png"
"Named_Logos","Digimon Tamers - Battle Spirit Ver. 1.5 (Japan)","https://raw.githubusercontent.com/libretro-thumbnails/Bandai_-_WonderSwan_Color/refs/heads/master/Named_Logos/Digimon Tamers - Battle Spirit Ver. 1.5 (Japan).png"
"Named_Logos","Digimon Tamers - Brave Tamer (Japan) (Rev 1)","https://raw.githubusercontent.com/libretro-thumbnails/Bandai_-_WonderSwan_Color/refs/heads/master/Named_Logos/Digimon Tamers - Brave Tamer (Japan) (Rev 1).png"
"Named_Logos","Digimon Tamers - Digimon Medley (Japan) (Rev 1)","https://raw.githubusercontent.com/libretro-thumbnails/Bandai_-_WonderSwan_Color/refs/heads/master/Named_Logos/Digimon Tamers - Digimon Medley (Japan) (Rev 1).png"
"Named_Logos","Digimon Tamers - Digimon Medley (Japan)","https://raw.githubusercontent.com/libretro-thumbnails/Bandai_-_WonderSwan_Color/refs/heads/master/Named_Logos/Digimon Tamers - Digimon Medley (Japan).png"
"Named_Logos","Digital Monster - D-Project (Japan) (Rev 1)","https://raw.githubusercontent.com/libretro-thumbnails/Bandai_-_WonderSwan_Color/refs/heads/master/Named_Logos/Digital Monster - D-Project (Japan) (Rev 1).png"
"Named_Logos","Digital Monster - D-Project (Japan) (Rev 2)","https://raw.githubusercontent.com/libretro-thumbnails/Bandai_-_WonderSwan_Color/refs/heads/master/Named_Logos/Digital Monster - D-Project (Japan) (Rev 2).png"
"Named_Logos","Digital Monster - D-Project (Japan)","https://raw.githubusercontent.com/libretro-thumbnails/Bandai_-_WonderSwan_Color/refs/heads/master/Named_Logos/Digital Monster - D-Project (Japan).png"
"Named_Logos","Digital Monster Card Game - Ver. WonderSwan Color (Japan) (Rev 2)","https://raw.githubusercontent.com/libretro-thumbnails/Bandai_-_WonderSwan_Color/refs/heads/master/Named_Logos/Digital Monster Card Game - Ver. WonderSwan Color (Japan) (Rev 2).png"
"Named_Logos","Digital Monster Card Game - Ver. WonderSwan Color (Japan)","https://raw.githubusercontent.com/libretro-thumbnails/Bandai_-_WonderSwan_Color/refs/heads/master/Named_Logos/Digital Monster Card Game - Ver. WonderSwan Color (Japan).png"
"Named_Logos","Dokodemo Hamster 3 - Odekake Saffron (Japan) (Rev 2)","https://raw.githubusercontent.com/libretro-thumbnails/Bandai_-_WonderSwan_Color/refs/heads/master/Named_Logos/Dokodemo Hamster 3 - Odekake Saffron (Japan) (Rev 2).png"
"Named_Logos","Dragon Ball (Japan)","https://raw.githubusercontent.com/libretro-thumbnails/Bandai_-_WonderSwan_Color/refs/heads/master/Named_Logos/Dragon Ball (Japan).png"
"Named_Logos","Final Fantasy (Japan)","https://raw.githubusercontent.com/libretro-thumbnails/Bandai_-_WonderSwan_Color/refs/heads/master/Named_Logos/Final Fantasy (Japan).png"
"Named_Logos","Final Fantasy II (Japan)","https://raw.githubusercontent.com/libretro-thumbnails/Bandai_-_WonderSwan_Color/refs/heads/master/Named_Logos/Final Fantasy II (Japan).png"
"Named_Logos","Final Fantasy IV (Japan)","https://raw.githubusercontent.com/libretro-thumbnails/Bandai_-_WonderSwan_Color/refs/heads/master/Named_Logos/Final Fantasy IV (Japan).png"
"Named_Logos","Final Lap Special - GT _ Formula Machine (Japan)","https://raw.githubusercontent.com/libretro-thumbnails/Bandai_-_WonderSwan_Color/refs/heads/master/Named_Logos/Final Lap Special - GT _ Formula Machine (Japan).png"
"Named_Logos","Flash Koibito-kun (Japan)","https://raw.githubusercontent.com/libretro-thumbnails/Bandai_-_WonderSwan_Color/refs/heads/master/Named_Logos/Flash Koibito-kun (Japan).png"
"Named_Logos","From TV Animation One Piece - Chopper no Daibouken (Japan)","https://raw.githubusercontent.com/libretro-thumbnails/Bandai_-_WonderSwan_Color/refs/heads/master/Named_Logos/From TV Animation One Piece - Chopper no Daibouken (Japan).png"
"Named_Logos","From TV Animation One Piece - Grand Battle Swan Colosseum (Japan)","https://raw.githubusercontent.com/libretro-thumbnails/Bandai_-_WonderSwan_Color/refs/heads/master/Named_Logos/From TV Animation One Piece - Grand Battle Swan Colosseum (Japan).png"
"Named_Logos","From TV Animation One Piece - Niji no Shima Densetsu (Japan)","https://raw.githubusercontent.com/libretro-thumbnails/Bandai_-_WonderSwan_Color/refs/heads/master/Named_Logos/From TV Animation One Piece - Niji no Shima Densetsu (Japan).png"
"Named_Logos","From TV Animation One Piece - Treasure Wars (Japan) (Rev 1)","https://raw.githubusercontent.com/libretro-thumbnails/Bandai_-_WonderSwan_Color/refs/heads/master/Named_Logos/From TV Animation One Piece - Treasure Wars (Japan) (Rev 1).png"
"Named_Logos","From TV Animation One Piece - Treasure Wars (Japan)","https://raw.githubusercontent.com/libretro-thumbnails/Bandai_-_WonderSwan_Color/refs/heads/master/Named_Logos/From TV Animation One Piece - Treasure Wars (Japan).png"
"Named_Logos","From TV Animation One Piece - Treasure Wars 2 - Buggy Land e Youkoso (Japan)","https://raw.githubusercontent.com/libretro-thumbnails/Bandai_-_WonderSwan_Color/refs/heads/master/Named_Logos/From TV Animation One Piece - Treasure Wars 2 - Buggy Land e Youkoso (Japan).png"
"Named_Logos","Front Mission (Japan)","https://raw.githubusercontent.com/libretro-thumbnails/Bandai_-_WonderSwan_Color/refs/heads/master/Named_Logos/Front Mission (Japan).png"
"Named_Logos","Gekitou! Crash Gear Turbo - Gear Champion League (Japan)","https://raw.githubusercontent.com/libretro-thumbnails/Bandai_-_WonderSwan_Color/refs/heads/master/Named_Logos/Gekitou! Crash Gear Turbo - Gear Champion League (Japan).png"
"Named_Logos","Gensou Maden Saiyuuki Retribution - Hi no Ataru Basho de (Japan) (Rev 2)","https://raw.githubusercontent.com/libretro-thumbnails/Bandai_-_WonderSwan_Color/refs/heads/master/Named_Logos/Gensou Maden Saiyuuki Retribution - Hi no Ataru Basho de (Japan) (Rev 2).png"
"Named_Logos","Golden Axe (Japan)","https://raw.githubusercontent.com/libretro-thumbnails/Bandai_-_WonderSwan_Color/refs/heads/master/Named_Logos/Golden Axe (Japan).png"
"Named_Logos","Gransta Chronicle (Japan)","https://raw.githubusercontent.com/libretro-thumbnails/Bandai_-_WonderSwan_Color/refs/heads/master/Named_Logos/Gransta Chronicle (Japan).png"
"Named_Logos","Guilty Gear Petit (Japan)","https://raw.githubusercontent.com/libretro-thumbnails/Bandai_-_WonderSwan_Color/refs/heads/master/Named_Logos/Guilty Gear Petit (Japan).png"
"Named_Logos","Guilty Gear Petit 2 (Japan)","https://raw.githubusercontent.com/libretro-thumbnails/Bandai_-_WonderSwan_Color/refs/heads/master/Named_Logos/Guilty Gear Petit 2 (Japan).png"
"Named_Logos","GunPey EX (Japan)","https://raw.githubusercontent.com/libretro-thumbnails/Bandai_-_WonderSwan_Color/refs/heads/master/Named_Logos/GunPey EX (Japan).png"
"Named_Logos","Hanjuku Hero - Ah, Sekai yo Hanjuku Nare...!! (Japan) (Rev 1)","https://raw.githubusercontent.com/libretro-thumbnails/Bandai_-_WonderSwan_Color/refs/heads/master/Named_Logos/Hanjuku Hero - Ah, Sekai yo Hanjuku Nare...!! (Japan) (Rev 1).png"
"Named_Logos","Hataraku Chocobo (Japan)","https://raw.githubusercontent.com/libretro-thumbnails/Bandai_-_WonderSwan_Color/refs/heads/master/Named_Logos/Hataraku Chocobo (Japan).png"
"Named_Logos","Hunter X Hunter - Greed Island (Japan) (Rev 1)","https://raw.githubusercontent.com/libretro-thumbnails/Bandai_-_WonderSwan_Color/refs/heads/master/Named_Logos/Hunter X Hunter - Greed Island (Japan) (Rev 1).png"
"Named_Logos","Hunter X Hunter - Greed Island (Japan)","https://raw.githubusercontent.com/libretro-thumbnails/Bandai_-_WonderSwan_Color/refs/heads/master/Named_Logos/Hunter X Hunter - Greed Island (Japan).png"
"Named_Logos","Hunter X Hunter - Michibikareshi Mono (Japan)","https://raw.githubusercontent.com/libretro-thumbnails/Bandai_-_WonderSwan_Color/refs/heads/master/Named_Logos/Hunter X Hunter - Michibikareshi Mono (Japan).png"
"Named_Logos","Hunter X Hunter - Sorezore no Ketsui (Japan)","https://raw.githubusercontent.com/libretro-thumbnails/Bandai_-_WonderSwan_Color/refs/heads/master/Named_Logos/Hunter X Hunter - Sorezore no Ketsui (Japan).png"
"Named_Logos","Inuyasha - Fuuun Emaki (Japan)","https://raw.githubusercontent.com/libretro-thumbnails/Bandai_-_WonderSwan_Color/refs/heads/master/Named_Logos/Inuyasha - Fuuun Emaki (Japan).png"
"Named_Logos","Inuyasha - Kagome no Sengoku Nikki (Japan)","https://raw.githubusercontent.com/libretro-thumbnails/Bandai_-_WonderSwan_Color/refs/heads/master/Named_Logos/Inuyasha - Kagome no Sengoku Nikki (Japan).png"
"Named_Logos","Inuyasha - Kagome no Yume Nikki (Japan)","https://raw.githubusercontent.com/libretro-thumbnails/Bandai_-_WonderSwan_Color/refs/heads/master/Named_Logos/Inuyasha - Kagome no Yume Nikki (Japan).png"
"Named_Logos","Judgement Silversword - Rebirth Edition (Japan) (Rev 4321)","https://raw.githubusercontent.com/libretro-thumbnails/Bandai_-_WonderSwan_Color/refs/heads/master/Named_Logos/Judgement Silversword - Rebirth Edition (Japan) (Rev 4321).png"
"Named_Logos","Judgement Silversword - Rebirth Edition (Japan) (Rev 5C21)","https://raw.githubusercontent.com/libretro-thumbnails/Bandai_-_WonderSwan_Color/refs/heads/master/Named_Logos/Judgement Silversword - Rebirth Edition (Japan) (Rev 5C21).png"
"Named_Logos","Kidou Senshi Gundam - Giren no Yabou - Tokubetsu Hen - Aoki Hoshi no Hasha (Japan)","https://raw.githubusercontent.com/libretro-thumbnails/Bandai_-_WonderSwan_Color/refs/heads/master/Named_Logos/Kidou Senshi Gundam - Giren no Yabou - Tokubetsu Hen - Aoki Hoshi no Hasha (Japan).png"
"Named_Logos","Kidou Senshi Gundam Seed (Japan)","https://raw.githubusercontent.com/libretro-thumbnails/Bandai_-_WonderSwan_Color/refs/heads/master/Named_Logos/Kidou Senshi Gundam Seed (Japan).png"
"Named_Logos","Kidou Senshi Gundam Vol. 1 - Side 7 (Japan)","https://raw.githubusercontent.com/libretro-thumbnails/Bandai_-_WonderSwan_Color/refs/heads/master/Named_Logos/Kidou Senshi Gundam Vol. 1 - Side 7 (Japan).png"
"Named_Logos","Kidou Senshi Gundam Vol. 2 - Jaburo (Japan)","https://raw.githubusercontent.com/libretro-thumbnails/Bandai_-_WonderSwan_Color/refs/heads/master/Named_Logos/Kidou Senshi Gundam Vol. 2 - Jaburo (Japan).png"
"Named_Logos","Kidou Senshi Gundam Vol. 3 - A Baoa Qu (Japan)","https://raw.githubusercontent.com/libretro-thumbnails/Bandai_-_WonderSwan_Color/refs/heads/master/Named_Logos/Kidou Senshi Gundam Vol. 3 - A Baoa Qu (Japan).png"
"Named_Logos","Kinnikuman II-Sei - Choujin Seisenshi (Japan)","https://raw.githubusercontent.com/libretro-thumbnails/Bandai_-_WonderSwan_Color/refs/heads/master/Named_Logos/Kinnikuman II-Sei - Choujin Seisenshi (Japan).png"
"Named_Logos","Kinnikuman II-Sei - Dream Tag Match (Japan)","https://raw.githubusercontent.com/libretro-thumbnails/Bandai_-_WonderSwan_Color/refs/heads/master/Named_Logos/Kinnikuman II-Sei - Dream Tag Match (Japan).png"
"Named_Logos","Kurupara! (Japan) (Rev 1)","https://raw.githubusercontent.com/libretro-thumbnails/Bandai_-_WonderSwan_Color/refs/heads/master/Named_Logos/Kurupara! (Japan) (Rev 1).png"
"Named_Logos","Last Alive (Japan)","https://raw.githubusercontent.com/libretro-thumbnails/Bandai_-_WonderSwan_Color/refs/heads/master/Named_Logos/Last Alive (Japan).png"
"Named_Logos","Makai Toushi Sa-Ga (Japan)","https://raw.githubusercontent.com/libretro-thumbnails/Bandai_-_WonderSwan_Color/refs/heads/master/Named_Logos/Makai Toushi Sa-Ga (Japan).png"
"Named_Logos","Meitantei Conan - Yuugure no Oujo (Japan)","https://raw.githubusercontent.com/libretro-thumbnails/Bandai_-_WonderSwan_Color/refs/heads/master/Named_Logos/Meitantei Conan - Yuugure no Oujo (Japan).png"
"Named_Logos","Memories Off - Festa (Japan)","https://raw.githubusercontent.com/libretro-thumbnails/Bandai_-_WonderSwan_Color/refs/heads/master/Named_Logos/Memories Off - Festa (Japan).png"
"Named_Logos","Mikeneko Holmes - Ghost Panic (Japan)","https://raw.githubusercontent.com/libretro-thumbnails/Bandai_-_WonderSwan_Color/refs/heads/master/Named_Logos/Mikeneko Holmes - Ghost Panic (Japan).png"
"Named_Logos","Mr. Driller (Japan)","https://raw.githubusercontent.com/libretro-thumbnails/Bandai_-_WonderSwan_Color/refs/heads/master/Named_Logos/Mr. Driller (Japan).png"
"Named_Logos","Namco Super Wars (Japan)","https://raw.githubusercontent.com/libretro-thumbnails/Bandai_-_WonderSwan_Color/refs/heads/master/Named_Logos/Namco Super Wars (Japan).png"
"Named_Logos","Naruto - Konoha Ninpouchou (Japan)","https://raw.githubusercontent.com/libretro-thumbnails/Bandai_-_WonderSwan_Color/refs/heads/master/Named_Logos/Naruto - Konoha Ninpouchou (Japan).png"
"Named_Logos","Pocket no Naka no Doraemon (Japan)","https://raw.githubusercontent.com/libretro-thumbnails/Bandai_-_WonderSwan_Color/refs/heads/master/Named_Logos/Pocket no Naka no Doraemon (Japan).png"
"Named_Logos","RUN=DIM - Return to Earth (Japan)","https://raw.githubusercontent.com/libretro-thumbnails/Bandai_-_WonderSwan_Color/refs/heads/master/Named_Logos/RUN=DIM - Return to Earth (Japan).png"
"Named_Logos","Raku Jongg (Japan)","https://raw.githubusercontent.com/libretro-thumbnails/Bandai_-_WonderSwan_Color/refs/heads/master/Named_Logos/Raku Jongg (Japan).png"
"Named_Logos","Rhyme Rider Kerorican (Japan)","https://raw.githubusercontent.com/libretro-thumbnails/Bandai_-_WonderSwan_Color/refs/heads/master/Named_Logos/Rhyme Rider Kerorican (Japan).png"
"Named_Logos","Riviera - Yakusoku no Chi Riviera (Japan)","https://raw.githubusercontent.com/libretro-thumbnails/Bandai_-_WonderSwan_Color/refs/heads/master/Named_Logos/Riviera - Yakusoku no Chi Riviera (Japan).png"
"Named_Logos","Rockman EXE - N1 Battle (Japan) (Rev 1)","https://raw.githubusercontent.com/libretro-thumbnails/Bandai_-_WonderSwan_Color/refs/heads/master/Named_Logos/Rockman EXE - N1 Battle (Japan) (Rev 1).png"
"Named_Logos","Rockman EXE WS (Japan)","https://raw.githubusercontent.com/libretro-thumbnails/Bandai_-_WonderSwan_Color/refs/heads/master/Named_Logos/Rockman EXE WS (Japan).png"
"Named_Logos","Romancing Sa-Ga (Japan)","https://raw.githubusercontent.com/libretro-thumbnails/Bandai_-_WonderSwan_Color/refs/heads/master/Named_Logos/Romancing Sa-Ga (Japan).png"
"Named_Logos","SD Gundam - Operation U.C. (Japan)","https://raw.githubusercontent.com/libretro-thumbnails/Bandai_-_WonderSwan_Color/refs/heads/master/Named_Logos/SD Gundam - Operation U.C. (Japan).png"
"Named_Logos","SD Gundam Eiyuu Den - Kishi Densetsu (Japan)","https://raw.githubusercontent.com/libretro-thumbnails/Bandai_-_WonderSwan_Color/refs/heads/master/Named_Logos/SD Gundam Eiyuu Den - Kishi Densetsu (Japan).png"
"Named_Logos","SD Gundam Eiyuu Den - Musha Densetsu (Japan)","https://raw.githubusercontent.com/libretro-thumbnails/Bandai_-_WonderSwan_Color/refs/heads/master/Named_Logos/SD Gundam Eiyuu Den - Musha Densetsu (Japan).png"
"Named_Logos","SD Gundam G Generation - Gather Beat 2 (Japan)","https://raw.githubusercontent.com/libretro-thumbnails/Bandai_-_WonderSwan_Color/refs/heads/master/Named_Logos/SD Gundam G Generation - Gather Beat 2 (Japan).png"
"Named_Logos","SD Gundam G Generation - Mono-Eye Gundams (Japan) (Rev 2)","https://raw.githubusercontent.com/libretro-thumbnails/Bandai_-_WonderSwan_Color/refs/heads/master/Named_Logos/SD Gundam G Generation - Mono-Eye Gundams (Japan) (Rev 2).png"
"Named_Logos","SD Gundam G Generation - Mono-Eye Gundams (Japan)","https://raw.githubusercontent.com/libretro-thumbnails/Bandai_-_WonderSwan_Color/refs/heads/master/Named_Logos/SD Gundam G Generation - Mono-Eye Gundams (Japan).png"
"Named_Logos","Saint Seiya - Ougon Densetsu Hen - Perfect Edition (Japan)","https://raw.githubusercontent.com/libretro-thumbnails/Bandai_-_WonderSwan_Color/refs/heads/master/Named_Logos/Saint Seiya - Ougon Densetsu Hen - Perfect Edition (Japan).png"
"Named_Logos","Senkaiden Ni - TV Animation Senkaiden Houshin Engi Yori (Japan)","https://raw.githubusercontent.com/libretro-thumbnails/Bandai_-_WonderSwan_Color/refs/heads/master/Named_Logos/Senkaiden Ni - TV Animation Senkaiden Houshin Engi Yori (Japan).png"
"Named_Logos","Shaman King - Asu e no Ishi (Japan) (Rev 1)","https://raw.githubusercontent.com/libretro-thumbnails/Bandai_-_WonderSwan_Color/refs/heads/master/Named_Logos/Shaman King - Asu e no Ishi (Japan) (Rev 1).png"
"Named_Logos","Shaman King - Asu e no Ishi (Japan)","https://raw.githubusercontent.com/libretro-thumbnails/Bandai_-_WonderSwan_Color/refs/heads/master/Named_Logos/Shaman King - Asu e no Ishi (Japan).png"
"Named_Logos","Sorobang (Japan) (Rev 1)","https://raw.githubusercontent.com/libretro-thumbnails/Bandai_-_WonderSwan_Color/refs/heads/master/Named_Logos/Sorobang (Japan) (Rev 1).png"
"Named_Logos","Star Hearts - Hoshi to Daichi no Shisha (Japan)","https://raw.githubusercontent.com/libretro-thumbnails/Bandai_-_WonderSwan_Color/refs/heads/master/Named_Logos/Star Hearts - Hoshi to Daichi no Shisha (Japan).png"
"Named_Logos","Star Hearts - Hoshi to Daichi no Shisha - Taikenban (Japan) (Not For Sale)","https://raw.githubusercontent.com/libretro-thumbnails/Bandai_-_WonderSwan_Color/refs/heads/master/Named_Logos/Star Hearts - Hoshi to Daichi no Shisha - Taikenban (Japan) (Not For Sale).png"
"Named_Logos","Super Robot Taisen Compact 3 (Japan) (Rev 5)","https://raw.githubusercontent.com/libretro-thumbnails/Bandai_-_WonderSwan_Color/refs/heads/master/Named_Logos/Super Robot Taisen Compact 3 (Japan) (Rev 5).png"
"Named_Logos","Super Robot Taisen Compact 3 (Japan) (Rev 6)","https://raw.githubusercontent.com/libretro-thumbnails/Bandai_-_WonderSwan_Color/refs/heads/master/Named_Logos/Super Robot Taisen Compact 3 (Japan) (Rev 6).png"
"Named_Logos","Super Robot Taisen Compact for WonderSwan Color (Japan)","https://raw.githubusercontent.com/libretro-thumbnails/Bandai_-_WonderSwan_Color/refs/heads/master/Named_Logos/Super Robot Taisen Compact for WonderSwan Color (Japan).png"
"Named_Logos","Terrors 2 (Japan)","https://raw.githubusercontent.com/libretro-thumbnails/Bandai_-_WonderSwan_Color/refs/heads/master/Named_Logos/Terrors 2 (Japan).png"
"Named_Logos","Tetris (Japan)","https://raw.githubusercontent.com/libretro-thumbnails/Bandai_-_WonderSwan_Color/refs/heads/master/Named_Logos/Tetris (Japan).png"
"Named_Logos","Tonpuusou (Japan)","https://raw.githubusercontent.com/libretro-thumbnails/Bandai_-_WonderSwan_Color/refs/heads/master/Named_Logos/Tonpuusou (Japan).png"
"Named_Logos","Uchuu Senkan Yamato (Japan)","https://raw.githubusercontent.com/libretro-thumbnails/Bandai_-_WonderSwan_Color/refs/heads/master/Named_Logos/Uchuu Senkan Yamato (Japan).png"
"Named_Logos","Ultraman - Hikari no Kuni no Shisha (Japan)","https://raw.githubusercontent.com/libretro-thumbnails/Bandai_-_WonderSwan_Color/refs/heads/master/Named_Logos/Ultraman - Hikari no Kuni no Shisha (Japan).png"
"Named_Logos","Wild Card (Japan)","https://raw.githubusercontent.com/libretro-thumbnails/Bandai_-_WonderSwan_Color/refs/heads/master/Named_Logos/Wild Card (Japan).png"
"Named_Logos","With You - Mitsumete Itai (Japan)","https://raw.githubusercontent.com/libretro-thumbnails/Bandai_-_WonderSwan_Color/refs/heads/master/Named_Logos/With You - Mitsumete Itai (Japan).png"
"Named_Logos","Wizardry Scenario 1 - Proving Grounds of the Mad Overlord (Japan)","https://raw.githubusercontent.com/libretro-thumbnails/Bandai_-_WonderSwan_Color/refs/heads/master/Named_Logos/Wizardry Scenario 1 - Proving Grounds of the Mad Overlord (Japan).png"
"Named_Logos","Wonder Classic (Japan)","https://raw.githubusercontent.com/libretro-thumbnails/Bandai_-_WonderSwan_Color/refs/heads/master/Named_Logos/Wonder Classic (Japan).png"
"Named_Logos","X - Card of Fate (Japan)","https://raw.githubusercontent.com/libretro-thumbnails/Bandai_-_WonderSwan_Color/refs/heads/master/Named_Logos/X - Card of Fate (Japan).png"
"Named_Logos","XI Little (Japan)","https://raw.githubusercontent.com/libretro-thumbnails/Bandai_-_WonderSwan_Color/refs/heads/master/Named_Logos/XI Little (Japan).png"
"Named_Snaps","Alchemist Marie _ Elie - Futari no Atelier (Japan)","https://raw.githubusercontent.com/libretro-thumbnails/Bandai_-_WonderSwan_Color/refs/heads/master/Named_Snaps/Alchemist Marie _ Elie - Futari no Atelier (Japan).png"
"Named_Snaps","Another Heaven - Memory of those Days (Japan)","https://raw.githubusercontent.com/libretro-thumbnails/Bandai_-_WonderSwan_Color/refs/heads/master/Named_Snaps/Another Heaven - Memory of those Days (Japan).png"
"Named_Snaps","Arc the Lad - Kishin Fukkatsu (Japan)","https://raw.githubusercontent.com/libretro-thumbnails/Bandai_-_WonderSwan_Color/refs/heads/master/Named_Snaps/Arc the Lad - Kishin Fukkatsu (Japan).png"
"Named_Snaps","Battle Spirit - Digimon Frontier (Japan) (Rev 1)","https://raw.githubusercontent.com/libretro-thumbnails/Bandai_-_WonderSwan_Color/refs/heads/master/Named_Snaps/Battle Spirit - Digimon Frontier (Japan) (Rev 1).png"
"Named_Snaps","Blue Wing Blitz (Japan)","https://raw.githubusercontent.com/libretro-thumbnails/Bandai_-_WonderSwan_Color/refs/heads/master/Named_Snaps/Blue Wing Blitz (Japan).png"
"Named_Snaps","Dark Eyes - Battle Gate (Japan)","https://raw.githubusercontent.com/libretro-thumbnails/Bandai_-_WonderSwan_Color/refs/heads/master/Named_Snaps/Dark Eyes - Battle Gate (Japan).png"
"Named_Snaps","Dicing Knight. (Japan)","https://raw.githubusercontent.com/libretro-thumbnails/Bandai_-_WonderSwan_Color/refs/heads/master/Named_Snaps/Dicing Knight. (Japan).png"
"Named_Snaps","Digimon - Anode Tamer _ Cathode Tamer - Veedramon Version (Hong Kong) (En)","https://raw.githubusercontent.com/libretro-thumbnails/Bandai_-_WonderSwan_Color/refs/heads/master/Named_Snaps/Digimon - Anode Tamer _ Cathode Tamer - Veedramon Version (Hong Kong) (En).png"
"Named_Snaps","Digimon - Anode Tamer _ Cathode Tamer - Veedramon Version (Korea) (En)","https://raw.githubusercontent.com/libretro-thumbnails/Bandai_-_WonderSwan_Color/refs/heads/master/Named_Snaps/Digimon - Anode Tamer _ Cathode Tamer - Veedramon Version (Korea) (En).png"
"Named_Snaps","Digimon Adventure 02 - D1 Tamers (Japan) (Rev 1)","https://raw.githubusercontent.com/libretro-thumbnails/Bandai_-_WonderSwan_Color/refs/heads/master/Named_Snaps/Digimon Adventure 02 - D1 Tamers (Japan) (Rev 1).png"
"Named_Snaps","Digimon Adventure 02 - D1 Tamers (Japan)","https://raw.githubusercontent.com/libretro-thumbnails/Bandai_-_WonderSwan_Color/refs/heads/master/Named_Snaps/Digimon Adventure 02 - D1 Tamers (Japan).png"
"Named_Snaps","Digimon Tamers - Battle Spirit (Japan, Korea) (En,Ja)","https://raw.githubusercontent.com/libretro-thumbnails/Bandai_-_WonderSwan_Color/refs/heads/master/Named_Snaps/Digimon Tamers - Battle Spirit (Japan, Korea) (En,Ja).png"
"Named_Snaps","Digimon Tamers - Battle Spirit Ver. 1.5 (Japan)","https://raw.githubusercontent.com/libretro-thumbnails/Bandai_-_WonderSwan_Color/refs/heads/master/Named_Snaps/Digimon Tamers - Battle Spirit Ver. 1.5 (Japan).png"
"Named_Snaps","Digimon Tamers - Brave Tamer (Japan) (Rev 1)","https://raw.githubusercontent.com/libretro-thumbnails/Bandai_-_WonderSwan_Color/refs/heads/master/Named_Snaps/Digimon Tamers - Brave Tamer (Japan) (Rev 1).png"
"Named_Snaps","Digimon Tamers - Digimon Medley (Japan) (Rev 1)","https://raw.githubusercontent.com/libretro-thumbnails/Bandai_-_WonderSwan_Color/refs/heads/master/Named_Snaps/Digimon Tamers - Digimon Medley (Japan) (Rev 1).png"
"Named_Snaps","Digimon Tamers - Digimon Medley (Japan)","https://raw.githubusercontent.com/libretro-thumbnails/Bandai_-_WonderSwan_Color/refs/heads/master/Named_Snaps/Digimon Tamers - Digimon Medley (Japan).png"
"Named_Snaps","Digital Monster - D-Project (Japan) (Rev 1)","https://raw.githubusercontent.com/libretro-thumbnails/Bandai_-_WonderSwan_Color/refs/heads/master/Named_Snaps/Digital Monster - D-Project (Japan) (Rev 1).png"
"Named_Snaps","Digital Monster - D-Project (Japan) (Rev 2)","https://raw.githubusercontent.com/libretro-thumbnails/Bandai_-_WonderSwan_Color/refs/heads/master/Named_Snaps/Digital Monster - D-Project (Japan) (Rev 2).png"
"Named_Snaps","Digital Monster - D-Project (Japan)","https://raw.githubusercontent.com/libretro-thumbnails/Bandai_-_WonderSwan_Color/refs/heads/master/Named_Snaps/Digital Monster - D-Project (Japan).png"
"Named_Snaps","Digital Monster Card Game - Ver. WonderSwan Color (Japan) (Rev 2)","https://raw.githubusercontent.com/libretro-thumbnails/Bandai_-_WonderSwan_Color/refs/heads/master/Named_Snaps/Digital Monster Card Game - Ver. WonderSwan Color (Japan) (Rev 2).png"
"Named_Snaps","Digital Monster Card Game - Ver. WonderSwan Color (Japan)","https://raw.githubusercontent.com/libretro-thumbnails/Bandai_-_WonderSwan_Color/refs/heads/master/Named_Snaps/Digital Monster Card Game - Ver. WonderSwan Color (Japan).png"
"Named_Snaps","Dokodemo Hamster 3 - Odekake Saffron (Japan) (Rev 2)","https://raw.githubusercontent.com/libretro-thumbnails/Bandai_-_WonderSwan_Color/refs/heads/master/Named_Snaps/Dokodemo Hamster 3 - Odekake Saffron (Japan) (Rev 2).png"
"Named_Snaps","Dragon Ball (Japan)","https://raw.githubusercontent.com/libretro-thumbnails/Bandai_-_WonderSwan_Color/refs/heads/master/Named_Snaps/Dragon Ball (Japan).png"
"Named_Snaps","Final Fantasy (Japan)","https://raw.githubusercontent.com/libretro-thumbnails/Bandai_-_WonderSwan_Color/refs/heads/master/Named_Snaps/Final Fantasy (Japan).png"
"Named_Snaps","Final Fantasy II (Japan)","https://raw.githubusercontent.com/libretro-thumbnails/Bandai_-_WonderSwan_Color/refs/heads/master/Named_Snaps/Final Fantasy II (Japan).png"
"Named_Snaps","Final Fantasy IV (Japan)","https://raw.githubusercontent.com/libretro-thumbnails/Bandai_-_WonderSwan_Color/refs/heads/master/Named_Snaps/Final Fantasy IV (Japan).png"
"Named_Snaps","Final Lap Special - GT _ Formula Machine (Japan)","https://raw.githubusercontent.com/libretro-thumbnails/Bandai_-_WonderSwan_Color/refs/heads/master/Named_Snaps/Final Lap Special - GT _ Formula Machine (Japan).png"
"Named_Snaps","Fire Lancer (USA) (Demo) (2018-12-25) (Aftermarket) (Unl)","https://raw.githubusercontent.com/libretro-thumbnails/Bandai_-_WonderSwan_Color/refs/heads/master/Named_Snaps/Fire Lancer (USA) (Demo) (2018-12-25) (Aftermarket) (Unl).png"
"Named_Snaps","Fire Lancer (USA) (Demo) (2019-01-03) (Aftermarket) (Unl)","https://raw.githubusercontent.com/libretro-thumbnails/Bandai_-_WonderSwan_Color/refs/heads/master/Named_Snaps/Fire Lancer (USA) (Demo) (2019-01-03) (Aftermarket) (Unl).png"
"Named_Snaps","Flash Koibito-kun (Japan)","https://raw.githubusercontent.com/libretro-thumbnails/Bandai_-_WonderSwan_Color/refs/heads/master/Named_Snaps/Flash Koibito-kun (Japan).png"
"Named_Snaps","From TV Animation One Piece - Chopper no Daibouken (Japan)","https://raw.githubusercontent.com/libretro-thumbnails/Bandai_-_WonderSwan_Color/refs/heads/master/Named_Snaps/From TV Animation One Piece - Chopper no Daibouken (Japan).png"
"Named_Snaps","From TV Animation One Piece - Grand Battle Swan Colosseum (Japan)","https://raw.githubusercontent.com/libretro-thumbnails/Bandai_-_WonderSwan_Color/refs/heads/master/Named_Snaps/From TV Animation One Piece - Grand Battle Swan Colosseum (Japan).png"
"Named_Snaps","From TV Animation One Piece - Niji no Shima Densetsu (Japan)","https://raw.githubusercontent.com/libretro-thumbnails/Bandai_-_WonderSwan_Color/refs/heads/master/Named_Snaps/From TV Animation One Piece - Niji no Shima Densetsu (Japan).png"
"Named_Snaps","From TV Animation One Piece - Treasure Wars (Japan) (Rev 1)","https://raw.githubusercontent.com/libretro-thumbnails/Bandai_-_WonderSwan_Color/refs/heads/master/Named_Snaps/From TV Animation One Piece - Treasure Wars (Japan) (Rev 1).png"
"Named_Snaps","From TV Animation One Piece - Treasure Wars (Japan)","https://raw.githubusercontent.com/libretro-thumbnails/Bandai_-_WonderSwan_Color/refs/heads/master/Named_Snaps/From TV Animation One Piece - Treasure Wars (Japan).png"
"Named_Snaps","From TV Animation One Piece - Treasure Wars 2 - Buggy Land e Youkoso (Japan)","https://raw.githubusercontent.com/libretro-thumbnails/Bandai_-_WonderSwan_Color/refs/heads/master/Named_Snaps/From TV Animation One Piece - Treasure Wars 2 - Buggy Land e Youkoso (Japan).png"
"Named_Snaps","Front Mission (Japan)","https://raw.githubusercontent.com/libretro-thumbnails/Bandai_-_WonderSwan_Color/refs/heads/master/Named_Snaps/Front Mission (Japan).png"
"Named_Snaps","Gekitou! Crash Gear Turbo - Gear Champion League (Japan)","https://raw.githubusercontent.com/libretro-thumbnails/Bandai_-_WonderSwan_Color/refs/heads/master/Named_Snaps/Gekitou! Crash Gear Turbo - Gear Champion League (Japan).png"
"Named_Snaps","Gensou Maden Saiyuuki Retribution - Hi no Ataru Basho de (Japan) (Rev 2)","https://raw.githubusercontent.com/libretro-thumbnails/Bandai_-_WonderSwan_Color/refs/heads/master/Named_Snaps/Gensou Maden Saiyuuki Retribution - Hi no Ataru Basho de (Japan) (Rev 2).png"
"Named_Snaps","Golden Axe (Japan)","https://raw.githubusercontent.com/libretro-thumbnails/Bandai_-_WonderSwan_Color/refs/heads/master/Named_Snaps/Golden Axe (Japan).png"
"Named_Snaps","Gransta Chronicle (Japan)","https://raw.githubusercontent.com/libretro-thumbnails/Bandai_-_WonderSwan_Color/refs/heads/master/Named_Snaps/Gransta Chronicle (Japan).png"
"Named_Snaps","Guilty Gear Petit (Japan)","https://raw.githubusercontent.com/libretro-thumbnails/Bandai_-_WonderSwan_Color/refs/heads/master/Named_Snaps/Guilty Gear Petit (Japan).png"
"Named_Snaps","Guilty Gear Petit 2 (Japan)","https://raw.githubusercontent.com/libretro-thumbnails/Bandai_-_WonderSwan_Color/refs/heads/master/Named_Snaps/Guilty Gear Petit 2 (Japan).png"
"Named_Snaps","GunPey EX (Japan)","https://raw.githubusercontent.com/libretro-thumbnails/Bandai_-_WonderSwan_Color/refs/heads/master/Named_Snaps/GunPey EX (Japan).png"
"Named_Snaps","Hanjuku Hero - Ah, Sekai yo Hanjuku Nare...!! (Japan) (Rev 1)","https://raw.githubusercontent.com/libretro-thumbnails/Bandai_-_WonderSwan_Color/refs/heads/master/Named_Snaps/Hanjuku Hero - Ah, Sekai yo Hanjuku Nare...!! (Japan) (Rev 1).png"
"Named_Snaps","Hataraku Chocobo (Japan)","https://raw.githubusercontent.com/libretro-thumbnails/Bandai_-_WonderSwan_Color/refs/heads/master/Named_Snaps/Hataraku Chocobo (Japan).png"
"Named_Snaps","Hunter X Hunter - Greed Island (Japan) (Rev 1)","https://raw.githubusercontent.com/libretro-thumbnails/Bandai_-_WonderSwan_Color/refs/heads/master/Named_Snaps/Hunter X Hunter - Greed Island (Japan) (Rev 1).png"
"Named_Snaps","Hunter X Hunter - Greed Island (Japan)","https://raw.githubusercontent.com/libretro-thumbnails/Bandai_-_WonderSwan_Color/refs/heads/master/Named_Snaps/Hunter X Hunter - Greed Island (Japan).png"
"Named_Snaps","Hunter X Hunter - Michibikareshi Mono (Japan)","https://raw.githubusercontent.com/libretro-thumbnails/Bandai_-_WonderSwan_Color/refs/heads/master/Named_Snaps/Hunter X Hunter - Michibikareshi Mono (Japan).png"
"Named_Snaps","Hunter X Hunter - Sorezore no Ketsui (Japan)","https://raw.githubusercontent.com/libretro-thumbnails/Bandai_-_WonderSwan_Color/refs/heads/master/Named_Snaps/Hunter X Hunter - Sorezore no Ketsui (Japan).png"
"Named_Snaps","Inuyasha - Fuuun Emaki (Japan)","https://raw.githubusercontent.com/libretro-thumbnails/Bandai_-_WonderSwan_Color/refs/heads/master/Named_Snaps/Inuyasha - Fuuun Emaki (Japan).png"
"Named_Snaps","Inuyasha - Kagome no Sengoku Nikki (Japan)","https://raw.githubusercontent.com/libretro-thumbnails/Bandai_-_WonderSwan_Color/refs/heads/master/Named_Snaps/Inuyasha - Kagome no Sengoku Nikki (Japan).png"
"Named_Snaps","Inuyasha - Kagome no Yume Nikki (Japan)","https://raw.githubusercontent.com/libretro-thumbnails/Bandai_-_WonderSwan_Color/refs/heads/master/Named_Snaps/Inuyasha - Kagome no Yume Nikki (Japan).png"
"Named_Snaps","Judgement Silversword - Rebirth Edition (Japan) (Rev 4321)","https://raw.githubusercontent.com/libretro-thumbnails/Bandai_-_WonderSwan_Color/refs/heads/master/Named_Snaps/Judgement Silversword - Rebirth Edition (Japan) (Rev 4321).png"
"Named_Snaps","Judgement Silversword - Rebirth Edition (Japan) (Rev 5C21)","https://raw.githubusercontent.com/libretro-thumbnails/Bandai_-_WonderSwan_Color/refs/heads/master/Named_Snaps/Judgement Silversword - Rebirth Edition (Japan) (Rev 5C21).png"
"Named_Snaps","Kidou Senshi Gundam - Giren no Yabou - Tokubetsu Hen - Aoki Hoshi no Hasha (Japan)","https://raw.githubusercontent.com/libretro-thumbnails/Bandai_-_WonderSwan_Color/refs/heads/master/Named_Snaps/Kidou Senshi Gundam - Giren no Yabou - Tokubetsu Hen - Aoki Hoshi no Hasha (Japan).png"
"Named_Snaps","Kidou Senshi Gundam Seed (Japan)","https://raw.githubusercontent.com/libretro-thumbnails/Bandai_-_WonderSwan_Color/refs/heads/master/Named_Snaps/Kidou Senshi Gundam Seed (Japan).png"
"Named_Snaps","Kidou Senshi Gundam Vol. 1 - Side 7 (Japan)","https://raw.githubusercontent.com/libretro-thumbnails/Bandai_-_WonderSwan_Color/refs/heads/master/Named_Snaps/Kidou Senshi Gundam Vol. 1 - Side 7 (Japan).png"
"Named_Snaps","Kidou Senshi Gundam Vol. 2 - Jaburo (Japan)","https://raw.githubusercontent.com/libretro-thumbnails/Bandai_-_WonderSwan_Color/refs/heads/master/Named_Snaps/Kidou Senshi Gundam Vol. 2 - Jaburo (Japan).png"
"Named_Snaps","Kidou Senshi Gundam Vol. 3 - A Baoa Qu (Japan)","https://raw.githubusercontent.com/libretro-thumbnails/Bandai_-_WonderSwan_Color/refs/heads/master/Named_Snaps/Kidou Senshi Gundam Vol. 3 - A Baoa Qu (Japan).png"
"Named_Snaps","Kinnikuman II-Sei - Choujin Seisenshi (Japan)","https://raw.githubusercontent.com/libretro-thumbnails/Bandai_-_WonderSwan_Color/refs/heads/master/Named_Snaps/Kinnikuman II-Sei - Choujin Seisenshi (Japan).png"
"Named_Snaps","Kinnikuman II-Sei - Dream Tag Match (Japan)","https://raw.githubusercontent.com/libretro-thumbnails/Bandai_-_WonderSwan_Color/refs/heads/master/Named_Snaps/Kinnikuman II-Sei - Dream Tag Match (Japan).png"
"Named_Snaps","Kurupara! (Japan) (Rev 1)","https://raw.githubusercontent.com/libretro-thumbnails/Bandai_-_WonderSwan_Color/refs/heads/master/Named_Snaps/Kurupara! (Japan) (Rev 1).png"
"Named_Snaps","Last Alive (Japan)","https://raw.githubusercontent.com/libretro-thumbnails/Bandai_-_WonderSwan_Color/refs/heads/master/Named_Snaps/Last Alive (Japan).png"
"Named_Snaps","Makai Toushi Sa-Ga (Japan)","https://raw.githubusercontent.com/libretro-thumbnails/Bandai_-_WonderSwan_Color/refs/heads/master/Named_Snaps/Makai Toushi Sa-Ga (Japan).png"
"Named_Snaps","Meitantei Conan - Yuugure no Oujo (Japan)","https://raw.githubusercontent.com/libretro-thumbnails/Bandai_-_WonderSwan_Color/refs/heads/master/Named_Snaps/Meitantei Conan - Yuugure no Oujo (Japan).png"
"Named_Snaps","Memories Off - Festa (Japan)","https://raw.githubusercontent.com/libretro-thumbnails/Bandai_-_WonderSwan_Color/refs/heads/master/Named_Snaps/Memories Off - Festa (Japan).png"
"Named_Snaps","Mikeneko Holmes - Ghost Panic (Japan)","https://raw.githubusercontent.com/libretro-thumbnails/Bandai_-_WonderSwan_Color/refs/heads/master/Named_Snaps/Mikeneko Holmes - Ghost Panic (Japan).png"
"Named_Snaps","Mr. Driller (Japan)","https://raw.githubusercontent.com/libretro-thumbnails/Bandai_-_WonderSwan_Color/refs/heads/master/Named_Snaps/Mr. Driller (Japan).png"
"Named_Snaps","Namco Super Wars (Japan)","https://raw.githubusercontent.com/libretro-thumbnails/Bandai_-_WonderSwan_Color/refs/heads/master/Named_Snaps/Namco Super Wars (Japan).png"
"Named_Snaps","Naruto - Konoha Ninpouchou (Japan)","https://raw.githubusercontent.com/libretro-thumbnails/Bandai_-_WonderSwan_Color/refs/heads/master/Named_Snaps/Naruto - Konoha Ninpouchou (Japan).png"
"Named_Snaps","Pocket no Naka no Doraemon (Japan)","https://raw.githubusercontent.com/libretro-thumbnails/Bandai_-_WonderSwan_Color/refs/heads/master/Named_Snaps/Pocket no Naka no Doraemon (Japan).png"
"Named_Snaps","RUN=DIM - Return to Earth (Japan)","https://raw.githubusercontent.com/libretro-thumbnails/Bandai_-_WonderSwan_Color/refs/heads/master/Named_Snaps/RUN=DIM - Return to Earth (Japan).png"
"Named_Snaps","Raku Jongg (Japan)","https://raw.githubusercontent.com/libretro-thumbnails/Bandai_-_WonderSwan_Color/refs/heads/master/Named_Snaps/Raku Jongg (Japan).png"
"Named_Snaps","Rhyme Rider Kerorican (Japan)","https://raw.githubusercontent.com/libretro-thumbnails/Bandai_-_WonderSwan_Color/refs/heads/master/Named_Snaps/Rhyme Rider Kerorican (Japan).png"
"Named_Snaps","Riviera - Yakusoku no Chi Riviera (Japan)","https://raw.githubusercontent.com/libretro-thumbnails/Bandai_-_WonderSwan_Color/refs/heads/master/Named_Snaps/Riviera - Yakusoku no Chi Riviera (Japan).png"
"Named_Snaps","Rockman EXE - N1 Battle (Japan) (Rev 1)","https://raw.githubusercontent.com/libretro-thumbnails/Bandai_-_WonderSwan_Color/refs/heads/master/Named_Snaps/Rockman EXE - N1 Battle (Japan) (Rev 1).png"
"Named_Snaps","Rockman EXE WS (Japan)","https://raw.githubusercontent.com/libretro-thumbnails/Bandai_-_WonderSwan_Color/refs/heads/master/Named_Snaps/Rockman EXE WS (Japan).png"
"Named_Snaps","Romancing Sa-Ga (Japan)","https://raw.githubusercontent.com/libretro-thumbnails/Bandai_-_WonderSwan_Color/refs/heads/master/Named_Snaps/Romancing Sa-Ga (Japan).png"
"Named_Snaps","SD Gundam - Operation U.C. (Japan)","https://raw.githubusercontent.com/libretro-thumbnails/Bandai_-_WonderSwan_Color/refs/heads/master/Named_Snaps/SD Gundam - Operation U.C. (Japan).png"
"Named_Snaps","SD Gundam Eiyuu Den - Kishi Densetsu (Japan)","https://raw.githubusercontent.com/libretro-thumbnails/Bandai_-_WonderSwan_Color/refs/heads/master/Named_Snaps/SD Gundam Eiyuu Den - Kishi Densetsu (Japan).png"
"Named_Snaps","SD Gundam Eiyuu Den - Musha Densetsu (Japan)","https://raw.githubusercontent.com/libretro-thumbnails/Bandai_-_WonderSwan_Color/refs/heads/master/Named_Snaps/SD Gundam Eiyuu Den - Musha Densetsu (Japan).png"
"Named_Snaps","SD Gundam G Generation - Gather Beat 2 (Japan)","https://raw.githubusercontent.com/libretro-thumbnails/Bandai_-_WonderSwan_Color/refs/heads/master/Named_Snaps/SD Gundam G Generation - Gather Beat 2 (Japan).png"
"Named_Snaps","SD Gundam G Generation - Mono-Eye Gundams (Japan) (Rev 2)","https://raw.githubusercontent.com/libretro-thumbnails/Bandai_-_WonderSwan_Color/refs/heads/master/Named_Snaps/SD Gundam G Generation - Mono-Eye Gundams (Japan) (Rev 2).png"
"Named_Snaps","SD Gundam G Generation - Mono-Eye Gundams (Japan)","https://raw.githubusercontent.com/libretro-thumbnails/Bandai_-_WonderSwan_Color/refs/heads/master/Named_Snaps/SD Gundam G Generation - Mono-Eye Gundams (Japan).png"
"Named_Snaps","Saint Seiya - Ougon Densetsu Hen - Perfect Edition (Japan)","https://raw.githubusercontent.com/libretro-thumbnails/Bandai_-_WonderSwan_Color/refs/heads/master/Named_Snaps/Saint Seiya - Ougon Densetsu Hen - Perfect Edition (Japan).png"
"Named_Snaps","Senkaiden Ni - TV Animation Senkaiden Houshin Engi Yori (Japan)","https://raw.githubusercontent.com/libretro-thumbnails/Bandai_-_WonderSwan_Color/refs/heads/master/Named_Snaps/Senkaiden Ni - TV Animation Senkaiden Houshin Engi Yori (Japan).png"
"Named_Snaps","Shaman King - Asu e no Ishi (Japan) (Rev 1)","https://raw.githubusercontent.com/libretro-thumbnails/Bandai_-_WonderSwan_Color/refs/heads/master/Named_Snaps/Shaman King - Asu e no Ishi (Japan) (Rev 1).png"
"Named_Snaps","Shaman King - Asu e no Ishi (Japan)","https://raw.githubusercontent.com/libretro-thumbnails/Bandai_-_WonderSwan_Color/refs/heads/master/Named_Snaps/Shaman King - Asu e no Ishi (Japan).png"
"Named_Snaps","Sorobang (Japan) (Rev 1)","https://raw.githubusercontent.com/libretro-thumbnails/Bandai_-_WonderSwan_Color/refs/heads/master/Named_Snaps/Sorobang (Japan) (Rev 1).png"
"Named_Snaps","Star Hearts - Hoshi to Daichi no Shisha (Japan)","https://raw.githubusercontent.com/libretro-thumbnails/Bandai_-_WonderSwan_Color/refs/heads/master/Named_Snaps/Star Hearts - Hoshi to Daichi no Shisha (Japan).png"
"Named_Snaps","Star Hearts - Hoshi to Daichi no Shisha - Taikenban (Japan) (Not For Sale)","https://raw.githubusercontent.com/libretro-thumbnails/Bandai_-_WonderSwan_Color/refs/heads/master/Named_Snaps/Star Hearts - Hoshi to Daichi no Shisha - Taikenban (Japan) (Not For Sale).png"
"Named_Snaps","Super Robot Taisen Compact 3 (Japan) (Rev 5)","https://raw.githubusercontent.com/libretro-thumbnails/Bandai_-_WonderSwan_Color/refs/heads/master/Named_Snaps/Super Robot Taisen Compact 3 (Japan) (Rev 5).png"
"Named_Snaps","Super Robot Taisen Compact 3 (Japan) (Rev 6)","https://raw.githubusercontent.com/libretro-thumbnails/Bandai_-_WonderSwan_Color/refs/heads/master/Named_Snaps/Super Robot Taisen Compact 3 (Japan) (Rev 6).png"
"Named_Snaps","Super Robot Taisen Compact for WonderSwan Color (Japan)","https://raw.githubusercontent.com/libretro-thumbnails/Bandai_-_WonderSwan_Color/refs/heads/master/Named_Snaps/Super Robot Taisen Compact for WonderSwan Color (Japan).png"
"Named_Snaps","Terrors 2 (Japan)","https://raw.githubusercontent.com/libretro-thumbnails/Bandai_-_WonderSwan_Color/refs/heads/master/Named_Snaps/Terrors 2 (Japan).png"
"Named_Snaps","Tetris (Japan)","https://raw.githubusercontent.com/libretro-thumbnails/Bandai_-_WonderSwan_Color/refs/heads/master/Named_Snaps/Tetris (Japan).png"
"Named_Snaps","Tonpuusou (Japan)","https://raw.githubusercontent.com/libretro-thumbnails/Bandai_-_WonderSwan_Color/refs/heads/master/Named_Snaps/Tonpuusou (Japan).png"
"Named_Snaps","Uchuu Senkan Yamato (Japan)","https://raw.githubusercontent.com/libretro-thumbnails/Bandai_-_WonderSwan_Color/refs/heads/master/Named_Snaps/Uchuu Senkan Yamato (Japan).png"
"Named_Snaps","Ultraman - Hikari no Kuni no Shisha (Japan)","https://raw.githubusercontent.com/libretro-thumbnails/Bandai_-_WonderSwan_Color/refs/heads/master/Named_Snaps/Ultraman - Hikari no Kuni no Shisha (Japan).png"
"Named_Snaps","Wild Card (Japan)","https://raw.githubusercontent.com/libretro-thumbnails/Bandai_-_WonderSwan_Color/refs/heads/master/Named_Snaps/Wild Card (Japan).png"
"Named_Snaps","With You - Mitsumete Itai (Japan)","https://raw.githubusercontent.com/libretro-thumbnails/Bandai_-_WonderSwan_Color/refs/heads/master/Named_Snaps/With You - Mitsumete Itai (Japan).png"
"Named_Snaps","Wizardry Scenario 1 - Proving Grounds of the Mad Overlord (Japan)","https://raw.githubusercontent.com/libretro-thumbnails/Bandai_-_WonderSwan_Color/refs/heads/master/Named_Snaps/Wizardry Scenario 1 - Proving Grounds of the Mad Overlord (Japan).png"
"Named_Snaps","Wonder Classic (Japan)","https://raw.githubusercontent.com/libretro-thumbnails/Bandai_-_WonderSwan_Color/refs/heads/master/Named_Snaps/Wonder Classic (Japan).png"
"Named_Snaps","X - Card of Fate (Japan)","https://raw.githubusercontent.com/libretro-thumbnails/Bandai_-_WonderSwan_Color/refs/heads/master/Named_Snaps/X - Card of Fate (Japan).png"
"Named_Snaps","XI Little (Japan)","https://raw.githubusercontent.com/libretro-thumbnails/Bandai_-_WonderSwan_Color/refs/heads/master/Named_Snaps/XI Little (Japan).png"
"Named_Snaps","mama Mitte (Japan) (Program)","https://raw.githubusercontent.com/libretro-thumbnails/Bandai_-_WonderSwan_Color/refs/heads/master/Named_Snaps/mama Mitte (Japan) (Program).png"
"Named_Snaps","mama Mitte (Japan) (Rev D) (Program)","https://raw.githubusercontent.com/libretro-thumbnails/Bandai_-_WonderSwan_Color/refs/heads/master/Named_Snaps/mama Mitte (Japan) (Rev D) (Program).png"
"Named_Titles","Alchemist Marie _ Elie - Futari no Atelier (Japan)","https://raw.githubusercontent.com/libretro-thumbnails/Bandai_-_WonderSwan_Color/refs/heads/master/Named_Titles/Alchemist Marie _ Elie - Futari no Atelier (Japan).png"
"Named_Titles","Another Heaven - Memory of those Days (Japan)","https://raw.githubusercontent.com/libretro-thumbnails/Bandai_-_WonderSwan_Color/refs/heads/master/Named_Titles/Another Heaven - Memory of those Days (Japan).png"
"Named_Titles","Arc the Lad - Kishin Fukkatsu (Japan)","https://raw.githubusercontent.com/libretro-thumbnails/Bandai_-_WonderSwan_Color/refs/heads/master/Named_Titles/Arc the Lad - Kishin Fukkatsu (Japan).png"
"Named_Titles","Battle Spirit - Digimon Frontier (Japan) (Rev 1)","https://raw.githubusercontent.com/libretro-thumbnails/Bandai_-_WonderSwan_Color/refs/heads/master/Named_Titles/Battle Spirit - Digimon Frontier (Japan) (Rev 1).png"
"Named_Titles","Blue Wing Blitz (Japan)","https://raw.githubusercontent.com/libretro-thumbnails/Bandai_-_WonderSwan_Color/refs/heads/master/Named_Titles/Blue Wing Blitz (Japan).png"
"Named_Titles","Dark Eyes - Battle Gate (Japan)","https://raw.githubusercontent.com/libretro-thumbnails/Bandai_-_WonderSwan_Color/refs/heads/master/Named_Titles/Dark Eyes - Battle Gate (Japan).png"
"Named_Titles","Dicing Knight. (Japan)","https://raw.githubusercontent.com/libretro-thumbnails/Bandai_-_WonderSwan_Color/refs/heads/master/Named_Titles/Dicing Knight. (Japan).png"
"Named_Titles","Digimon - Anode Tamer _ Cathode Tamer - Veedramon Version (Hong Kong) (En)","https://raw.githubusercontent.com/libretro-thumbnails/Bandai_-_WonderSwan_Color/refs/heads/master/Named_Titles/Digimon - Anode Tamer _ Cathode Tamer - Veedramon Version (Hong Kong) (En).png"
"Named_Titles","Digimon Adventure 02 - D1 Tamers (Japan) (Rev 1)","https://raw.githubusercontent.com/libretro-thumbnails/Bandai_-_WonderSwan_Color/refs/heads/master/Named_Titles/Digimon Adventure 02 - D1 Tamers (Japan) (Rev 1).png"
"Named_Titles","Digimon Adventure 02 - D1 Tamers (Japan)","https://raw.githubusercontent.com/libretro-thumbnails/Bandai_-_WonderSwan_Color/refs/heads/master/Named_Titles/Digimon Adventure 02 - D1 Tamers (Japan).png"
"Named_Titles","Digimon Tamers - Battle Spirit (Japan, Korea) (En,Ja)","https://raw.githubusercontent.com/libretro-thumbnails/Bandai_-_WonderSwan_Color/refs/heads/master/Named_Titles/Digimon Tamers - Battle Spirit (Japan, Korea) (En,Ja).png"
"Named_Titles","Digimon Tamers - Battle Spirit Ver. 1.5 (Japan)","https://raw.githubusercontent.com/libretro-thumbnails/Bandai_-_WonderSwan_Color/refs/heads/master/Named_Titles/Digimon Tamers - Battle Spirit Ver. 1.5 (Japan).png"
"Named_Titles","Digimon Tamers - Brave Tamer (Japan) (Rev 1)","https://raw.githubusercontent.com/libretro-thumbnails/Bandai_-_WonderSwan_Color/refs/heads/master/Named_Titles/Digimon Tamers - Brave Tamer (Japan) (Rev 1).png"
"Named_Titles","Digimon Tamers - Digimon Medley (Japan) (Rev 1)","https://raw.githubusercontent.com/libretro-thumbnails/Bandai_-_WonderSwan_Color/refs/heads/master/Named_Titles/Digimon Tamers - Digimon Medley (Japan) (Rev 1).png"
"Named_Titles","Digimon Tamers - Digimon Medley (Japan)","https://raw.githubusercontent.com/libretro-thumbnails/Bandai_-_WonderSwan_Color/refs/heads/master/Named_Titles/Digimon Tamers - Digimon Medley (Japan).png"
"Named_Titles","Digital Monster - D-Project (Japan) (Rev 1)","https://raw.githubusercontent.com/libretro-thumbnails/Bandai_-_WonderSwan_Color/refs/heads/master/Named_Titles/Digital Monster - D-Project (Japan) (Rev 1).png"
"Named_Titles","Digital Monster - D-Project (Japan) (Rev 2)","https://raw.githubusercontent.com/libretro-thumbnails/Bandai_-_WonderSwan_Color/refs/heads/master/Named_Titles/Digital Monster - D-Project (Japan) (Rev 2).png"
"Named_Titles","Digital Monster - D-Project (Japan)","https://raw.githubusercontent.com/libretro-thumbnails/Bandai_-_WonderSwan_Color/refs/heads/master/Named_Titles/Digital Monster - D-Project (Japan).png"
"Named_Titles","Digital Monster Card Game - Ver. WonderSwan Color (Japan) (Rev 2)","https://raw.githubusercontent.com/libretro-thumbnails/Bandai_-_WonderSwan_Color/refs/heads/master/Named_Titles/Digital Monster Card Game - Ver. WonderSwan Color (Japan) (Rev 2).png"
"Named_Titles","Digital Monster Card Game - Ver. WonderSwan Color (Japan)","https://raw.githubusercontent.com/libretro-thumbnails/Bandai_-_WonderSwan_Color/refs/heads/master/Named_Titles/Digital Monster Card Game - Ver. WonderSwan Color (Japan).png"
"Named_Titles","Dokodemo Hamster 3 - Odekake Saffron (Japan) (Rev 2)","https://raw.githubusercontent.com/libretro-thumbnails/Bandai_-_WonderSwan_Color/refs/heads/master/Named_Titles/Dokodemo Hamster 3 - Odekake Saffron (Japan) (Rev 2).png"
"Named_Titles","Dragon Ball (Japan)","https://raw.githubusercontent.com/libretro-thumbnails/Bandai_-_WonderSwan_Color/refs/heads/master/Named_Titles/Dragon Ball (Japan).png"
"Named_Titles","Final Fantasy (Japan)","https://raw.githubusercontent.com/libretro-thumbnails/Bandai_-_WonderSwan_Color/refs/heads/master/Named_Titles/Final Fantasy (Japan).png"
"Named_Titles","Final Fantasy II (Japan)","https://raw.githubusercontent.com/libretro-thumbnails/Bandai_-_WonderSwan_Color/refs/heads/master/Named_Titles/Final Fantasy II (Japan).png"
"Named_Titles","Final Fantasy IV (Japan)","https://raw.githubusercontent.com/libretro-thumbnails/Bandai_-_WonderSwan_Color/refs/heads/master/Named_Titles/Final Fantasy IV (Japan).png"
"Named_Titles","Final Lap Special - GT _ Formula Machine (Japan)","https://raw.githubusercontent.com/libretro-thumbnails/Bandai_-_WonderSwan_Color/refs/heads/master/Named_Titles/Final Lap Special - GT _ Formula Machine (Japan).png"
"Named_Titles","Fire Lancer (USA) (Demo) (2018-12-25) (Aftermarket) (Unl)","https://raw.githubusercontent.com/libretro-thumbnails/Bandai_-_WonderSwan_Color/refs/heads/master/Named_Titles/Fire Lancer (USA) (Demo) (2018-12-25) (Aftermarket) (Unl).png"
"Named_Titles","Fire Lancer (USA) (Demo) (2019-01-03) (Aftermarket) (Unl)","https://raw.githubusercontent.com/libretro-thumbnails/Bandai_-_WonderSwan_Color/refs/heads/master/Named_Titles/Fire Lancer (USA) (Demo) (2019-01-03) (Aftermarket) (Unl).png"
"Named_Titles","Flash Koibito-kun (Japan)","https://raw.githubusercontent.com/libretro-thumbnails/Bandai_-_WonderSwan_Color/refs/heads/master/Named_Titles/Flash Koibito-kun (Japan).png"
"Named_Titles","From TV Animation One Piece - Chopper no Daibouken (Japan)","https://raw.githubusercontent.com/libretro-thumbnails/Bandai_-_WonderSwan_Color/refs/heads/master/Named_Titles/From TV Animation One Piece - Chopper no Daibouken (Japan).png"
"Named_Titles","From TV Animation One Piece - Grand Battle Swan Colosseum (Japan)","https://raw.githubusercontent.com/libretro-thumbnails/Bandai_-_WonderSwan_Color/refs/heads/master/Named_Titles/From TV Animation One Piece - Grand Battle Swan Colosseum (Japan).png"
"Named_Titles","From TV Animation One Piece - Niji no Shima Densetsu (Japan)","https://raw.githubusercontent.com/libretro-thumbnails/Bandai_-_WonderSwan_Color/refs/heads/master/Named_Titles/From TV Animation One Piece - Niji no Shima Densetsu (Japan).png"
"Named_Titles","From TV Animation One Piece - Treasure Wars (Japan) (Rev 1)","https://raw.githubusercontent.com/libretro-thumbnails/Bandai_-_WonderSwan_Color/refs/heads/master/Named_Titles/From TV Animation One Piece - Treasure Wars (Japan) (Rev 1).png"
"Named_Titles","From TV Animation One Piece - Treasure Wars (Japan)","https://raw.githubusercontent.com/libretro-thumbnails/Bandai_-_WonderSwan_Color/refs/heads/master/Named_Titles/From TV Animation One Piece - Treasure Wars (Japan).png"
"Named_Titles","From TV Animation One Piece - Treasure Wars 2 - Buggy Land e Youkoso (Japan)","https://raw.githubusercontent.com/libretro-thumbnails/Bandai_-_WonderSwan_Color/refs/heads/master/Named_Titles/From TV Animation One Piece - Treasure Wars 2 - Buggy Land e Youkoso (Japan).png"
"Named_Titles","Front Mission (Japan)","https://raw.githubusercontent.com/libretro-thumbnails/Bandai_-_WonderSwan_Color/refs/heads/master/Named_Titles/Front Mission (Japan).png"
"Named_Titles","Gekitou! Crash Gear Turbo - Gear Champion League (Japan)","https://raw.githubusercontent.com/libretro-thumbnails/Bandai_-_WonderSwan_Color/refs/heads/master/Named_Titles/Gekitou! Crash Gear Turbo - Gear Champion League (Japan).png"
"Named_Titles","Gensou Maden Saiyuuki Retribution - Hi no Ataru Basho de (Japan) (Rev 2)","https://raw.githubusercontent.com/libretro-thumbnails/Bandai_-_WonderSwan_Color/refs/heads/master/Named_Titles/Gensou Maden Saiyuuki Retribution - Hi no Ataru Basho de (Japan) (Rev 2).png"
"Named_Titles","Golden Axe (Japan)","https://raw.githubusercontent.com/libretro-thumbnails/Bandai_-_WonderSwan_Color/refs/heads/master/Named_Titles/Golden Axe (Japan).png"
"Named_Titles","Gransta Chronicle (Japan)","https://raw.githubusercontent.com/libretro-thumbnails/Bandai_-_WonderSwan_Color/refs/heads/master/Named_Titles/Gransta Chronicle (Japan).png"
"Named_Titles","Guilty Gear Petit (Japan)","https://raw.githubusercontent.com/libretro-thumbnails/Bandai_-_WonderSwan_Color/refs/heads/master/Named_Titles/Guilty Gear Petit (Japan).png"
"Named_Titles","Guilty Gear Petit 2 (Japan)","https://raw.githubusercontent.com/libretro-thumbnails/Bandai_-_WonderSwan_Color/refs/heads/master/Named_Titles/Guilty Gear Petit 2 (Japan).png"
"Named_Titles","GunPey EX (Japan)","https://raw.githubusercontent.com/libretro-thumbnails/Bandai_-_WonderSwan_Color/refs/heads/master/Named_Titles/GunPey EX (Japan).png"
"Named_Titles","Hanjuku Hero - Ah, Sekai yo Hanjuku Nare...!! (Japan) (Rev 1)","https://raw.githubusercontent.com/libretro-thumbnails/Bandai_-_WonderSwan_Color/refs/heads/master/Named_Titles/Hanjuku Hero - Ah, Sekai yo Hanjuku Nare...!! (Japan) (Rev 1).png"
"Named_Titles","Hataraku Chocobo (Japan)","https://raw.githubusercontent.com/libretro-thumbnails/Bandai_-_WonderSwan_Color/refs/heads/master/Named_Titles/Hataraku Chocobo (Japan).png"
"Named_Titles","Hunter X Hunter - Greed Island (Japan) (Rev 1)","https://raw.githubusercontent.com/libretro-thumbnails/Bandai_-_WonderSwan_Color/refs/heads/master/Named_Titles/Hunter X Hunter - Greed Island (Japan) (Rev 1).png"
"Named_Titles","Hunter X Hunter - Greed Island (Japan)","https://raw.githubusercontent.com/libretro-thumbnails/Bandai_-_WonderSwan_Color/refs/heads/master/Named_Titles/Hunter X Hunter - Greed Island (Japan).png"
"Named_Titles","Hunter X Hunter - Michibikareshi Mono (Japan)","https://raw.githubusercontent.com/libretro-thumbnails/Bandai_-_WonderSwan_Color/refs/heads/master/Named_Titles/Hunter X Hunter - Michibikareshi Mono (Japan).png"
"Named_Titles","Hunter X Hunter - Sorezore no Ketsui (Japan)","https://raw.githubusercontent.com/libretro-thumbnails/Bandai_-_WonderSwan_Color/refs/heads/master/Named_Titles/Hunter X Hunter - Sorezore no Ketsui (Japan).png"
"Named_Titles","Inuyasha - Fuuun Emaki (Japan)","https://raw.githubusercontent.com/libretro-thumbnails/Bandai_-_WonderSwan_Color/refs/heads/master/Named_Titles/Inuyasha - Fuuun Emaki (Japan).png"
"Named_Titles","Inuyasha - Kagome no Sengoku Nikki (Japan)","https://raw.githubusercontent.com/libretro-thumbnails/Bandai_-_WonderSwan_Color/refs/heads/master/Named_Titles/Inuyasha - Kagome no Sengoku Nikki (Japan).png"
"Named_Titles","Inuyasha - Kagome no Yume Nikki (Japan)","https://raw.githubusercontent.com/libretro-thumbnails/Bandai_-_WonderSwan_Color/refs/heads/master/Named_Titles/Inuyasha - Kagome no Yume Nikki (Japan).png"
"Named_Titles","Judgement Silversword - Rebirth Edition (Japan) (Rev 4321)","https://raw.githubusercontent.com/libretro-thumbnails/Bandai_-_WonderSwan_Color/refs/heads/master/Named_Titles/Judgement Silversword - Rebirth Edition (Japan) (Rev 4321).png"
"Named_Titles","Judgement Silversword - Rebirth Edition (Japan) (Rev 5C21)","https://raw.githubusercontent.com/libretro-thumbnails/Bandai_-_WonderSwan_Color/refs/heads/master/Named_Titles/Judgement Silversword - Rebirth Edition (Japan) (Rev 5C21).png"
"Named_Titles","Kidou Senshi Gundam - Giren no Yabou - Tokubetsu Hen - Aoki Hoshi no Hasha (Japan)","https://raw.githubusercontent.com/libretro-thumbnails/Bandai_-_WonderSwan_Color/refs/heads/master/Named_Titles/Kidou Senshi Gundam - Giren no Yabou - Tokubetsu Hen - Aoki Hoshi no Hasha (Japan).png"
"Named_Titles","Kidou Senshi Gundam Seed (Japan)","https://raw.githubusercontent.com/libretro-thumbnails/Bandai_-_WonderSwan_Color/refs/heads/master/Named_Titles/Kidou Senshi Gundam Seed (Japan).png"
"Named_Titles","Kidou Senshi Gundam Vol. 1 - Side 7 (Japan)","https://raw.githubusercontent.com/libretro-thumbnails/Bandai_-_WonderSwan_Color/refs/heads/master/Named_Titles/Kidou Senshi Gundam Vol. 1 - Side 7 (Japan).png"
"Named_Titles","Kidou Senshi Gundam Vol. 2 - Jaburo (Japan)","https://raw.githubusercontent.com/libretro-thumbnails/Bandai_-_WonderSwan_Color/refs/heads/master/Named_Titles/Kidou Senshi Gundam Vol. 2 - Jaburo (Japan).png"
"Named_Titles","Kidou Senshi Gundam Vol. 3 - A Baoa Qu (Japan)","https://raw.githubusercontent.com/libretro-thumbnails/Bandai_-_WonderSwan_Color/refs/heads/master/Named_Titles/Kidou Senshi Gundam Vol. 3 - A Baoa Qu (Japan).png"
"Named_Titles","Kinnikuman II-Sei - Choujin Seisenshi (Japan)","https://raw.githubusercontent.com/libretro-thumbnails/Bandai_-_WonderSwan_Color/refs/heads/master/Named_Titles/Kinnikuman II-Sei - Choujin Seisenshi (Japan).png"
"Named_Titles","Kinnikuman II-Sei - Dream Tag Match (Japan)","https://raw.githubusercontent.com/libretro-thumbnails/Bandai_-_WonderSwan_Color/refs/heads/master/Named_Titles/Kinnikuman II-Sei - Dream Tag Match (Japan).png"
"Named_Titles","Kurupara! (Japan) (Rev 1)","https://raw.githubusercontent.com/libretro-thumbnails/Bandai_-_WonderSwan_Color/refs/heads/master/Named_Titles/Kurupara! (Japan) (Rev 1).png"
"Named_Titles","Last Alive (Japan)","https://raw.githubusercontent.com/libretro-thumbnails/Bandai_-_WonderSwan_Color/refs/heads/master/Named_Titles/Last Alive (Japan).png"
"Named_Titles","Makai Toushi Sa-Ga (Japan)","https://raw.githubusercontent.com/libretro-thumbnails/Bandai_-_WonderSwan_Color/refs/heads/master/Named_Titles/Makai Toushi Sa-Ga (Japan).png"
"Named_Titles","Meitantei Conan - Yuugure no Oujo (Japan)","https://raw.githubusercontent.com/libretro-thumbnails/Bandai_-_WonderSwan_Color/refs/heads/master/Named_Titles/Meitantei Conan - Yuugure no Oujo (Japan).png"
"Named_Titles","Memories Off - Festa (Japan)","https://raw.githubusercontent.com/libretro-thumbnails/Bandai_-_WonderSwan_Color/refs/heads/master/Named_Titles/Memories Off - Festa (Japan).png"
"Named_Titles","Mikeneko Holmes - Ghost Panic (Japan)","https://raw.githubusercontent.com/libretro-thumbnails/Bandai_-_WonderSwan_Color/refs/heads/master/Named_Titles/Mikeneko Holmes - Ghost Panic (Japan).png"
"Named_Titles","Mr. Driller (Japan)","https://raw.githubusercontent.com/libretro-thumbnails/Bandai_-_WonderSwan_Color/refs/heads/master/Named_Titles/Mr. Driller (Japan).png"
"Named_Titles","Namco Super Wars (Japan)","https://raw.githubusercontent.com/libretro-thumbnails/Bandai_-_WonderSwan_Color/refs/heads/master/Named_Titles/Namco Super Wars (Japan).png"
"Named_Titles","Naruto - Konoha Ninpouchou (Japan)","https://raw.githubusercontent.com/libretro-thumbnails/Bandai_-_WonderSwan_Color/refs/heads/master/Named_Titles/Naruto - Konoha Ninpouchou (Japan).png"
"Named_Titles","Pocket no Naka no Doraemon (Japan)","https://raw.githubusercontent.com/libretro-thumbnails/Bandai_-_WonderSwan_Color/refs/heads/master/Named_Titles/Pocket no Naka no Doraemon (Japan).png"
"Named_Titles","RUN=DIM - Return to Earth (Japan)","https://raw.githubusercontent.com/libretro-thumbnails/Bandai_-_WonderSwan_Color/refs/heads/master/Named_Titles/RUN=DIM - Return to Earth (Japan).png"
"Named_Titles","Raku Jongg (Japan)","https://raw.githubusercontent.com/libretro-thumbnails/Bandai_-_WonderSwan_Color/refs/heads/master/Named_Titles/Raku Jongg (Japan).png"
"Named_Titles","Rhyme Rider Kerorican (Japan)","https://raw.githubusercontent.com/libretro-thumbnails/Bandai_-_WonderSwan_Color/refs/heads/master/Named_Titles/Rhyme Rider Kerorican (Japan).png"
"Named_Titles","Riviera - Yakusoku no Chi Riviera (Japan)","https://raw.githubusercontent.com/libretro-thumbnails/Bandai_-_WonderSwan_Color/refs/heads/master/Named_Titles/Riviera - Yakusoku no Chi Riviera (Japan).png"
"Named_Titles","Rockman EXE - N1 Battle (Japan) (Rev 1)","https://raw.githubusercontent.com/libretro-thumbnails/Bandai_-_WonderSwan_Color/refs/heads/master/Named_Titles/Rockman EXE - N1 Battle (Japan) (Rev 1).png"
"Named_Titles","Rockman EXE WS (Japan)","https://raw.githubusercontent.com/libretro-thumbnails/Bandai_-_WonderSwan_Color/refs/heads/master/Named_Titles/Rockman EXE WS (Japan).png"
"Named_Titles","Romancing Sa-Ga (Japan)","https://raw.githubusercontent.com/libretro-thumbnails/Bandai_-_WonderSwan_Color/refs/heads/master/Named_Titles/Romancing Sa-Ga (Japan).png"
"Named_Titles","SD Gundam - Operation U.C. (Japan)","https://raw.githubusercontent.com/libretro-thumbnails/Bandai_-_WonderSwan_Color/refs/heads/master/Named_Titles/SD Gundam - Operation U.C. (Japan).png"
"Named_Titles","SD Gundam Eiyuu Den - Kishi Densetsu (Japan)","https://raw.githubusercontent.com/libretro-thumbnails/Bandai_-_WonderSwan_Color/refs/heads/master/Named_Titles/SD Gundam Eiyuu Den - Kishi Densetsu (Japan).png"
"Named_Titles","SD Gundam Eiyuu Den - Musha Densetsu (Japan)","https://raw.githubusercontent.com/libretro-thumbnails/Bandai_-_WonderSwan_Color/refs/heads/master/Named_Titles/SD Gundam Eiyuu Den - Musha Densetsu (Japan).png"
"Named_Titles","SD Gundam G Generation - Gather Beat 2 (Japan)","https://raw.githubusercontent.com/libretro-thumbnails/Bandai_-_WonderSwan_Color/refs/heads/master/Named_Titles/SD Gundam G Generation - Gather Beat 2 (Japan).png"
"Named_Titles","SD Gundam G Generation - Mono-Eye Gundams (Japan) (Rev 2)","https://raw.githubusercontent.com/libretro-thumbnails/Bandai_-_WonderSwan_Color/refs/heads/master/Named_Titles/SD Gundam G Generation - Mono-Eye Gundams (Japan) (Rev 2).png"
"Named_Titles","SD Gundam G Generation - Mono-Eye Gundams (Japan)","https://raw.githubusercontent.com/libretro-thumbnails/Bandai_-_WonderSwan_Color/refs/heads/master/Named_Titles/SD Gundam G Generation - Mono-Eye Gundams (Japan).png"
"Named_Titles","Saint Seiya - Ougon Densetsu Hen - Perfect Edition (Japan)","https://raw.githubusercontent.com/libretro-thumbnails/Bandai_-_WonderSwan_Color/refs/heads/master/Named_Titles/Saint Seiya - Ougon Densetsu Hen - Perfect Edition (Japan).png"
"Named_Titles","Senkaiden Ni - TV Animation Senkaiden Houshin Engi Yori (Japan)","https://raw.githubusercontent.com/libretro-thumbnails/Bandai_-_WonderSwan_Color/refs/heads/master/Named_Titles/Senkaiden Ni - TV Animation Senkaiden Houshin Engi Yori (Japan).png"
"Named_Titles","Shaman King - Asu e no Ishi (Japan) (Rev 1)","https://raw.githubusercontent.com/libretro-thumbnails/Bandai_-_WonderSwan_Color/refs/heads/master/Named_Titles/Shaman King - Asu e no Ishi (Japan) (Rev 1).png"
"Named_Titles","Shaman King - Asu e no Ishi (Japan)","https://raw.githubusercontent.com/libretro-thumbnails/Bandai_-_WonderSwan_Color/refs/heads/master/Named_Titles/Shaman King - Asu e no Ishi (Japan).png"
"Named_Titles","Sorobang (Japan) (Rev 1)","https://raw.githubusercontent.com/libretro-thumbnails/Bandai_-_WonderSwan_Color/refs/heads/master/Named_Titles/Sorobang (Japan) (Rev 1).png"
"Named_Titles","Star Hearts - Hoshi to Daichi no Shisha (Japan)","https://raw.githubusercontent.com/libretro-thumbnails/Bandai_-_WonderSwan_Color/refs/heads/master/Named_Titles/Star Hearts - Hoshi to Daichi no Shisha (Japan).png"
"Named_Titles","Star Hearts - Hoshi to Daichi no Shisha - Taikenban (Japan) (Not For Sale)","https://raw.githubusercontent.com/libretro-thumbnails/Bandai_-_WonderSwan_Color/refs/heads/master/Named_Titles/Star Hearts - Hoshi to Daichi no Shisha - Taikenban (Japan) (Not For Sale).png"
"Named_Titles","Super Robot Taisen Compact 3 (Japan) (Rev 5)","https://raw.githubusercontent.com/libretro-thumbnails/Bandai_-_WonderSwan_Color/refs/heads/master/Named_Titles/Super Robot Taisen Compact 3 (Japan) (Rev 5).png"
"Named_Titles","Super Robot Taisen Compact 3 (Japan) (Rev 6)","https://raw.githubusercontent.com/libretro-thumbnails/Bandai_-_WonderSwan_Color/refs/heads/master/Named_Titles/Super Robot Taisen Compact 3 (Japan) (Rev 6).png"
"Named_Titles","Super Robot Taisen Compact for WonderSwan Color (Japan)","https://raw.githubusercontent.com/libretro-thumbnails/Bandai_-_WonderSwan_Color/refs/heads/master/Named_Titles/Super Robot Taisen Compact for WonderSwan Color (Japan).png"
"Named_Titles","Terrors 2 (Japan)","https://raw.githubusercontent.com/libretro-thumbnails/Bandai_-_WonderSwan_Color/refs/heads/master/Named_Titles/Terrors 2 (Japan).png"
"Named_Titles","Tetris (Japan)","https://raw.githubusercontent.com/libretro-thumbnails/Bandai_-_WonderSwan_Color/refs/heads/master/Named_Titles/Tetris (Japan).png"
"Named_Titles","Tonpuusou (Japan)","https://raw.githubusercontent.com/libretro-thumbnails/Bandai_-_WonderSwan_Color/refs/heads/master/Named_Titles/Tonpuusou (Japan).png"
"Named_Titles","Uchuu Senkan Yamato (Japan)","https://raw.githubusercontent.com/libretro-thumbnails/Bandai_-_WonderSwan_Color/refs/heads/master/Named_Titles/Uchuu Senkan Yamato (Japan).png"
"Named_Titles","Ultraman - Hikari no Kuni no Shisha (Japan)","https://raw.githubusercontent.com/libretro-thumbnails/Bandai_-_WonderSwan_Color/refs/heads/master/Named_Titles/Ultraman - Hikari no Kuni no Shisha (Japan).png"
"Named_Titles","Wild Card (Japan)","https://raw.githubusercontent.com/libretro-thumbnails/Bandai_-_WonderSwan_Color/refs/heads/master/Named_Titles/Wild Card (Japan).png"
"Named_Titles","With You - Mitsumete Itai (Japan)","https://raw.githubusercontent.com/libretro-thumbnails/Bandai_-_WonderSwan_Color/refs/heads/master/Named_Titles/With You - Mitsumete Itai (Japan).png"
"Named_Titles","Wizardry Scenario 1 - Proving Grounds of the Mad Overlord (Japan)","https://raw.githubusercontent.com/libretro-thumbnails/Bandai_-_WonderSwan_Color/refs/heads/master/Named_Titles/Wizardry Scenario 1 - Proving Grounds of the Mad Overlord (Japan).png"
"Named_Titles","Wonder Classic (Japan)","https://raw.githubusercontent.com/libretro-thumbnails/Bandai_-_WonderSwan_Color/refs/heads/master/Named_Titles/Wonder Classic (Japan).png"
"Named_Titles","X - Card of Fate (Japan)","https://raw.githubusercontent.com/libretro-thumbnails/Bandai_-_WonderSwan_Color/refs/heads/master/Named_Titles/X - Card of Fate (Japan).png"
"Named_Titles","XI Little (Japan)","https://raw.githubusercontent.com/libretro-thumbnails/Bandai_-_WonderSwan_Color/refs/heads/master/Named_Titles/XI Little (Japan).png"
